date,mtm_total,pnl,new_deals,forward_price_move,delivery_and_spot
2025-01-02,29400.0,,,,
2025-01-03,125580.0,96180.0,10500.0,85680.0,-0.0
2025-01-06,22680.0,-102900.0,8400.0,-111300.0,0.0
2025-01-07,38290.0,15610.0,0.0,15610.0,0.0
2025-01-08,24150.0,-14140.0,0.0,-14140.0,-0.0
2025-01-09,37450.0,13300.0,16800.0,-3500.0,0.0
2025-01-10,106330.0,68880.0,8400.0,60480.0,-0.0
2025-01-13,131180.0,24850.0,21000.0,3850.0,0.0
2025-01-14,128940.0,-2240.0,16800.0,-19040.0,0.0
2025-01-15,104790.0,-24150.0,0.0,-24150.0,0.0
2025-01-16,110040.0,5250.0,42000.0,-36750.0,0.0
2025-01-17,88340.0,-21700.0,0.0,-21700.0,-0.0
2025-01-21,77000.0,-11340.0,2100.0,-13440.0,0.0
2025-01-22,91280.0,14280.0,0.0,14280.0,-0.0
2025-01-23,92330.0,1050.0,2100.0,-1050.0,-0.0
2025-01-24,109130.0,16800.0,16800.0,0.0,0.0
2025-01-27,140630.0,31500.0,31500.0,0.0,-0.0
2025-01-28,235410.0,94780.0,31500.0,63280.0,-0.0
2025-01-29,264530.0,29120.0,33600.0,-4480.0,0.0
2025-01-30,264530.0,0.0,0.0,0.0,0.0
2025-01-31,264530.0,0.0,0.0,0.0,0.0
2025-02-03,301430.0,36900.0,18600.0,0.0,18300.0
2025-02-04,388720.0,87290.0,53475.0,30690.0,3125.0
2025-02-05,450582.5,61862.5,18600.0,41462.5,1800.0
2025-02-06,472842.5,22260.0,34875.0,-7440.0,-5175.0
2025-02-07,484615.0,11772.5,4650.0,7672.5,-550.0
2025-02-10,487477.5,2862.5,0.0,10462.5,-7600.0
2025-02-11,527490.0,40012.5,41850.0,5812.5,-7650.0
2025-02-12,510170.0,-17320.0,6975.0,-10695.0,-13600.0
2025-02-13,533387.5,23217.5,46500.0,-4882.5,-18400.0
2025-02-14,543830.0,10442.5,9300.0,7517.5,-6375.0
2025-02-18,603605.0,59775.0,0.0,109275.0,-49500.0
2025-02-19,697617.5,94012.5,6975.0,105787.5,-18750.0
2025-02-20,682442.5,-15175.0,0.0,-49600.0,34425.0
2025-02-21,738017.5,55575.0,0.0,31775.0,23800.0
2025-02-24,677717.5,-60300.0,25575.0,-93000.0,7125.0
2025-02-25,789117.5,111400.0,0.0,111600.0,-200.0
2025-02-26,643732.5,-145385.0,20925.0,-166160.0,-150.0
2025-02-27,666182.5,22450.0,22500.0,0.0,-50.0
2025-02-28,685682.5,19500.0,4500.0,15000.0,-0.0
2025-03-03,693347.5,7665.0,0.0,0.0,7665.0
2025-03-04,652047.5,-41300.0,0.0,0.0,-41300.0
2025-03-05,653622.5,1575.0,2250.0,0.0,-675.0
2025-03-06,654272.5,650.0,0.0,0.0,650.0
2025-03-07,661022.5,6750.0,6750.0,0.0,0.0
2025-03-10,705822.5,44800.0,36000.0,0.0,8800.0
2025-03-11,714972.5,9150.0,27000.0,0.0,-17850.0
2025-03-12,623772.5,-91200.0,0.0,-110700.0,19500.0
2025-03-13,679397.5,55625.0,33750.0,8100.0,13775.0
2025-03-14,680447.5,1050.0,0.0,1050.0,0.0
2025-03-17,703847.5,23400.0,20250.0,12900.0,-9750.0
2025-03-18,728797.5,24950.0,18000.0,7650.0,-700.0
2025-03-19,654372.5,-74425.0,0.0,-73125.0,-1300.0
2025-03-20,760272.5,105900.0,4500.0,102000.0,-600.0
2025-03-21,804147.5,43875.0,38250.0,-2625.0,8250.0
2025-03-24,782347.5,-21800.0,0.0,-19800.0,-2000.0
2025-03-25,793222.5,10875.0,31500.0,-22200.0,1575.0
2025-03-26,858022.5,64800.0,54000.0,9450.0,1350.0
2025-03-27,828997.5,-29025.0,24750.0,-53400.0,-375.0
2025-03-28,842847.5,13850.0,13950.0,0.0,-100.0
2025-03-31,879497.5,36650.0,37200.0,0.0,-550.0
2025-04-01,783212.5,-96285.0,11625.0,-104160.0,-3750.0
2025-04-02,802572.5,19360.0,0.0,48360.0,-29000.0
2025-04-03,790967.5,-11605.0,9300.0,38595.0,-59500.0
2025-04-04,668697.5,-122270.0,6975.0,-186620.0,57375.0
2025-04-07,604912.5,-63785.0,13950.0,-98735.0,21000.0
2025-04-08,554937.5,-49975.0,18600.0,-103075.0,34500.0
2025-04-09,645985.0,91047.5,0.0,-27202.5,118250.0
2025-04-10,601857.5,-44127.5,9300.0,20072.5,-73500.0
2025-04-11,683132.5,81275.0,13950.0,2325.0,65000.0
2025-04-14,685112.5,1980.0,13950.0,15655.0,-27625.0
2025-04-15,779212.5,94100.0,32550.0,1550.0,60000.0
2025-04-16,738477.5,-40735.0,0.0,-44485.0,3750.0
2025-04-17,791642.5,53165.0,0.0,-1085.0,54250.0
2025-04-21,639910.0,-151732.5,0.0,-124232.5,-27500.0
2025-04-22,639527.5,-382.5,0.0,-4882.5,4500.0
2025-04-23,677890.0,38362.5,30225.0,8137.5,-0.0
2025-04-24,715885.0,37995.0,23250.0,-7130.0,21875.0
2025-04-25,786552.5,70667.5,58125.0,542.5,12000.0
2025-04-28,638452.5,-148100.0,41850.0,-180575.0,-9375.0
2025-04-29,664702.5,26250.0,31500.0,0.0,-5250.0
2025-04-30,694577.5,29875.0,2250.0,27000.0,625.0
2025-05-01,671402.5,-23175.0,29250.0,-80325.0,27900.0
2025-05-02,656177.5,-15225.0,24750.0,-33975.0,-6000.0
2025-05-05,627977.5,-28200.0,27000.0,-12000.0,-43200.0
2025-05-06,672752.5,44775.0,4500.0,-6525.0,46800.0
2025-05-07,654502.5,-18250.0,6750.0,0.0,-25000.0
2025-05-08,642502.5,-12000.0,0.0,0.0,-12000.0
2025-05-09,644802.5,2300.0,0.0,0.0,2300.0
2025-05-12,650802.5,6000.0,0.0,0.0,6000.0
2025-05-13,662602.5,11800.0,27000.0,0.0,-15200.0
2025-05-14,626902.5,-35700.0,18000.0,-46500.0,-7200.0
2025-05-15,720602.5,93700.0,36000.0,39000.0,18700.0
2025-05-16,734202.5,13600.0,0.0,-16800.0,30400.0
2025-05-19,623852.5,-110350.0,15750.0,-132600.0,6500.0
2025-05-20,624602.5,750.0,0.0,23550.0,-22800.0
2025-05-21,634927.5,10325.0,20250.0,-4425.0,-5500.0
2025-05-22,577302.5,-57625.0,0.0,-77625.0,20000.0
2025-05-23,660777.5,83475.0,22500.0,54675.0,6300.0
2025-05-27,716877.5,56100.0,36000.0,33600.0,-13500.0
2025-05-28,791927.5,75050.0,27000.0,43650.0,4400.0
2025-05-29,816452.5,24525.0,20925.0,0.0,3600.0
2025-05-30,827952.5,11500.0,9300.0,0.0,2200.0
2025-06-02,926042.5,98090.0,58125.0,-38285.0,78250.0
2025-06-03,1005292.5,79250.0,23250.0,0.0,56000.0
2025-06-04,1059247.5,53955.0,39525.0,930.0,13500.0
2025-06-05,1061370.0,2122.5,18600.0,3022.5,-19500.0
2025-06-06,1123277.5,61907.5,13950.0,-8292.5,56250.0
2025-06-09,1062225.0,-61052.5,51150.0,11547.5,-123750.0
2025-06-10,1080330.0,18105.0,0.0,-71145.0,89250.0
2025-06-11,1126020.0,45690.0,48825.0,-18135.0,15000.0
2025-06-12,1126332.5,312.5,41850.0,-1162.5,-40375.0
2025-06-13,1217535.0,91202.5,41850.0,-6897.5,56250.0
2025-06-16,1267922.5,50387.5,32550.0,64712.5,-46875.0
2025-06-17,1300782.5,32860.0,48825.0,-15965.0,-0.0
2025-06-18,1158392.5,-142390.0,18600.0,-74865.0,-86125.0
2025-06-20,1194137.5,35745.0,0.0,-11005.0,46750.0
2025-06-23,1167165.0,-26972.5,25575.0,-11547.5,-41000.0
2025-06-24,1122277.5,-44887.5,0.0,-62387.5,17500.0
2025-06-25,1095440.0,-26837.5,20925.0,-50762.5,3000.0
2025-06-26,1152727.5,57287.5,44175.0,11237.5,1875.0
2025-06-27,1175977.5,23250.0,23250.0,0.0,-0.0
2025-06-30,1131737.5,-44240.0,0.0,-43865.0,-375.0
2025-07-01,1134527.5,2790.0,27900.0,-6355.0,-18755.0
2025-07-02,1122870.0,-11657.5,0.0,-5657.5,-6000.0
2025-07-03,1186492.5,63622.5,37200.0,6122.5,20300.0
2025-07-04,1207107.5,20615.0,32550.0,-11935.0,-0.0
2025-07-07,1227257.5,20150.0,16275.0,3875.0,-0.0
2025-07-08,1225247.5,-2010.0,13950.0,-11160.0,-4800.0
2025-07-09,1163552.5,-61695.0,30225.0,-78120.0,-13800.0
2025-07-10,1234742.5,71190.0,48825.0,19065.0,3300.0
2025-07-11,1268845.0,34102.5,27900.0,-5347.5,11550.0
2025-07-14,1352420.0,83575.0,25575.0,58900.0,-900.0
2025-07-15,1359990.0,7570.0,25575.0,-26505.0,8500.0
2025-07-16,1391730.0,31740.0,18600.0,4340.0,8800.0
2025-07-17,1410855.0,19125.0,18600.0,-6975.0,7500.0
2025-07-18,1440920.0,30065.0,27900.0,3565.0,-1400.0
2025-07-21,1515320.0,74400.0,37200.0,37200.0,0.0
2025-07-22,1494290.0,-21030.0,18600.0,-22630.0,-17000.0
2025-07-23,1570515.0,76225.0,25575.0,54250.0,-3600.0
2025-07-24,1574220.0,3705.0,6975.0,-5270.0,2000.0
2025-07-25,1568210.0,-6010.0,0.0,-4960.0,-1050.0
2025-07-28,1634330.0,66120.0,27900.0,37820.0,400.0
2025-07-29,1576070.0,-58260.0,0.0,-57660.0,-600.0
2025-07-30,1604320.0,28250.0,29250.0,0.0,-1000.0
2025-07-31,1645545.0,41225.0,0.0,41175.0,50.0
2025-08-01,1704990.0,59445.0,24750.0,-15525.0,50220.0
2025-08-04,1798165.0,93175.0,20250.0,11325.0,61600.0
2025-08-05,1702765.0,-95400.0,0.0,-46800.0,-48600.0
2025-08-06,1659765.0,-43000.0,18000.0,-40200.0,-20800.0
2025-08-07,1648515.0,-11250.0,0.0,3750.0,-15000.0
2025-08-08,1704990.0,56475.0,18000.0,28875.0,9600.0
2025-08-11,1726740.0,21750.0,24750.0,5400.0,-8400.0
2025-08-12,1718340.0,-8400.0,20250.0,-76650.0,48000.0
2025-08-13,1724990.0,6650.0,15750.0,-1500.0,-7600.0
2025-08-14,1815140.0,90150.0,27000.0,1950.0,61200.0
2025-08-15,1707765.0,-107375.0,0.0,-39375.0,-68000.0
2025-08-18,1727015.0,19250.0,0.0,13650.0,5600.0
2025-08-19,1849265.0,122250.0,33750.0,65100.0,23400.0
2025-08-20,1885265.0,36000.0,20250.0,-1050.0,16800.0
2025-08-21,1888365.0,3100.0,54000.0,-33300.0,-17600.0
2025-08-22,1854765.0,-33600.0,0.0,-57600.0,24000.0
2025-08-25,1878615.0,23850.0,24750.0,-900.0,-0.0
2025-08-26,1895490.0,16875.0,22500.0,1575.0,-7200.0
2025-08-27,1943490.0,48000.0,20250.0,33750.0,-6000.0
2025-08-28,1969790.0,26300.0,27900.0,0.0,-1600.0
2025-08-29,1995635.0,25845.0,0.0,24645.0,1200.0
2025-09-02,1950665.0,-44970.0,58125.0,5580.0,-108675.0
2025-09-03,2131140.0,180475.0,0.0,-8525.0,189000.0
2025-09-04,2224315.0,93175.0,27900.0,-1550.0,66825.0
2025-09-05,2183015.0,-41300.0,13950.0,-20150.0,-35100.0
2025-09-08,2241440.0,58425.0,0.0,32550.0,25875.0
2025-09-09,2283890.0,42450.0,11625.0,20925.0,9900.0
2025-09-10,2180640.0,-103250.0,39525.0,-34100.0,-108675.0
2025-09-11,2121002.5,-59637.5,27900.0,-51537.5,-36000.0
2025-09-12,2145632.5,24630.0,0.0,3255.0,21375.0
2025-09-15,2259737.5,114105.0,16275.0,47430.0,50400.0
2025-09-16,2304287.5,44550.0,16275.0,4650.0,23625.0
2025-09-17,2375335.0,71047.5,34875.0,-1627.5,37800.0
2025-09-18,2343507.5,-31827.5,6975.0,-12477.5,-26325.0
2025-09-19,2310755.0,-32752.5,27900.0,-3952.5,-56700.0
2025-09-22,2358660.0,47905.0,39525.0,6355.0,2025.0
2025-09-23,2396642.5,37982.5,48825.0,-3642.5,-7200.0
2025-09-24,2408317.5,11675.0,9300.0,-775.0,3150.0
2025-09-25,2447547.5,39230.0,18600.0,7130.0,13500.0
2025-09-26,2385072.5,-62475.0,0.0,-53475.0,-9000.0
2025-09-29,2393172.5,8100.0,6750.0,0.0,1350.0
2025-09-30,2437947.5,44775.0,40500.0,0.0,4275.0
2025-10-01,2759622.5,321675.0,33750.0,-25950.0,313875.0
2025-10-02,2838672.5,79050.0,29250.0,-10200.0,60000.0
2025-10-03,2797822.5,-40850.0,18000.0,35400.0,-94250.0
2025-10-06,2881422.5,83600.0,9000.0,-9900.0,84500.0
2025-10-07,2901672.5,20250.0,20250.0,0.0,-0.0
2025-10-08,2820672.5,-81000.0,0.0,-99000.0,18000.0
2025-10-09,2727022.5,-93650.0,2250.0,-38400.0,-57500.0
2025-10-10,2436722.5,-290300.0,0.0,-97800.0,-192500.0
2025-10-13,2479922.5,43200.0,36000.0,7200.0,0.0
2025-10-14,2457422.5,-22500.0,9000.0,0.0,-31500.0
2025-10-15,2450322.5,-7100.0,13500.0,-3600.0,-17000.0
2025-10-16,2430822.5,-19500.0,27000.0,-58500.0,12000.0
2025-10-17,2396322.5,-34500.0,13500.0,15750.0,-63750.0
2025-10-20,2585847.5,189525.0,0.0,87525.0,102000.0
2025-10-21,2685172.5,99325.0,2250.0,17325.0,79750.0
2025-10-22,2747022.5,61850.0,24750.0,-5400.0,42500.0
2025-10-23,2733522.5,-13500.0,11250.0,0.0,-24750.0
2025-10-24,2721022.5,-12500.0,22500.0,-9000.0,-26000.0
2025-10-27,2707522.5,-13500.0,27000.0,-51750.0,11250.0
2025-10-28,2765172.5,57650.0,0.0,43650.0,14000.0
2025-10-29,2783472.5,18300.0,38250.0,-13950.0,-6000.0
2025-10-30,2844272.5,60800.0,55800.0,0.0,5000.0
2025-10-31,2953507.5,109235.0,2325.0,104160.0,2750.0
2025-11-03,3046622.5,93115.0,2325.0,88040.0,2750.0
2025-11-04,3112180.0,65557.5,18600.0,53707.5,-6750.0
2025-11-05,3086757.5,-25422.5,0.0,-77422.5,52000.0
2025-11-06,3259695.0,172937.5,23250.0,87187.5,62500.0
2025-11-07,3287250.0,27555.0,9300.0,3255.0,15000.0
2025-11-10,3295967.5,8717.5,0.0,-1782.5,10500.0
2025-11-11,3278375.0,-17592.5,0.0,-17592.5,0.0
2025-11-12,3263580.0,-14795.0,30225.0,2480.0,-47500.0
2025-11-13,3303802.5,40222.5,13950.0,26272.5,-0.0
2025-11-14,3289727.5,-14075.0,27900.0,-18600.0,-23375.0
2025-11-17,3215465.0,-74262.5,30225.0,-142987.5,38500.0
2025-11-18,3220815.0,5350.0,0.0,6975.0,-1625.0
2025-11-19,3407242.5,186427.5,25575.0,124852.5,36000.0
2025-11-20,3448722.5,41480.0,25575.0,11780.0,4125.0
2025-11-21,3549167.5,100445.0,55800.0,24645.0,20000.0
2025-11-24,3597650.0,48482.5,39525.0,7207.5,1750.0
2025-11-25,3611675.0,14025.0,16275.0,0.0,-2250.0
2025-11-26,3578740.0,-32935.0,0.0,-62310.0,29375.0
2025-11-28,3608965.0,30225.0,30225.0,0.0,-0.0
2025-12-01,3390337.5,-218627.5,18600.0,5502.5,-242730.0
2025-12-02,3490980.0,100642.5,6975.0,-18832.5,112500.0
2025-12-03,3498855.0,7875.0,20925.0,0.0,-13050.0
2025-12-04,3546860.0,48005.0,39525.0,21080.0,-12600.0
2025-12-05,3287410.0,-259450.0,37200.0,-175150.0,-121500.0
2025-12-08,3552692.5,265282.5,2325.0,262957.5,-0.0
2025-12-09,3993217.5,440525.0,30225.0,261950.0,148350.0
2025-12-10,4069410.0,76192.5,34875.0,-4882.5,46200.0
2025-12-11,4055260.0,-14150.0,41850.0,-141050.0,85050.0
2025-12-12,4180645.0,125385.0,13950.0,27435.0,84000.0
2025-12-15,4250422.5,69777.5,18600.0,7827.5,43350.0
2025-12-16,4339312.5,88890.0,2325.0,9765.0,76800.0
2025-12-17,4330612.5,-8700.0,9300.0,0.0,-18000.0
2025-12-18,4319062.5,-11550.0,32550.0,0.0,-44100.0
2025-12-19,4407232.5,88170.0,13950.0,17670.0,56550.0
2025-12-22,4424190.0,16957.5,34875.0,-4417.5,-13500.0
2025-12-23,4346935.0,-77255.0,20925.0,-137330.0,39150.0
2025-12-24,4291010.0,-55925.0,0.0,-64325.0,8400.0
2025-12-26,4373935.0,82925.0,34875.0,48050.0,0.0
2025-12-29,4535455.0,161520.0,9300.0,199020.0,-46800.0
2025-12-30,4533955.0,-1500.0,0.0,0.0,-1500.0
2025-12-31,4558855.0,24900.0,18900.0,0.0,6000.0
2026-01-02,4404405.0,-154450.0,25200.0,33320.0,-212970.0
2026-01-05,4137605.0,-266800.0,25200.0,26600.0,-318600.0
2026-01-06,4173825.0,36220.0,4200.0,24220.0,7800.0
2026-01-07,4220225.0,46400.0,8400.0,-24500.0,62500.0
2026-01-08,4249825.0,29600.0,31500.0,41300.0,-43200.0
2026-01-09,4369645.0,119820.0,14700.0,116620.0,-11500.0
2026-01-12,4258045.0,-111600.0,0.0,-117600.0,6000.0
2026-01-13,4293145.0,35100.0,21000.0,-4900.0,19000.0
2026-01-14,4431695.0,138550.0,10500.0,104650.0,23400.0
2026-01-15,4416715.0,-14980.0,25200.0,-4480.0,-35700.0
2026-01-16,4473065.0,56350.0,25200.0,8750.0,22400.0
2026-01-20,4986125.0,513060.0,6300.0,393960.0,112800.0
2026-01-21,5566045.0,579920.0,0.0,474320.0,105600.0
2026-01-22,6031045.0,465000.0,35700.0,83300.0,346000.0
2026-01-23,8014945.0,1983900.0,25200.0,-48300.0,2007000.0
2026-01-26,6711595.0,-1303350.0,0.0,-960750.0,-342600.0
2026-01-27,6234075.0,-477520.0,10500.0,-97020.0,-391000.0
2026-01-28,5795195.0,-438880.0,16800.0,-141680.0,-314000.0
2026-01-29,5848070.0,52875.0,25575.0,0.0,27300.0
2026-01-30,6109380.0,261310.0,18600.0,304110.0,-61400.0
2026-02-02,6997572.5,888192.5,9300.0,-779107.5,1658000.0
2026-02-03,7216572.5,219000.0,39525.0,28675.0,150800.0
2026-02-04,5868772.5,-1347800.0,37200.0,0.0,-1385000.0
2026-02-05,6609492.5,740720.0,0.0,-27280.0,768000.0
2026-02-06,7107607.5,498115.0,25575.0,53940.0,418600.0
2026-02-09,7566147.5,458540.0,32550.0,-22010.0,448000.0
2026-02-10,7645680.0,79532.5,51150.0,1782.5,26600.0
2026-02-11,7679070.0,33390.0,27900.0,30690.0,-25200.0
2026-02-12,7624690.0,-54380.0,2325.0,4495.0,-61200.0
2026-02-13,7691845.0,67155.0,2325.0,4030.0,60800.0
2026-02-17,7711115.0,19270.0,9300.0,-16430.0,26400.0
2026-02-18,7786740.0,75625.0,44175.0,-1550.0,33000.0
2026-02-19,7826352.5,39612.5,55800.0,5812.5,-22000.0
2026-02-20,7819505.0,-6847.5,0.0,3952.5,-10800.0
2026-02-23,7851975.0,32470.0,34875.0,-4805.0,2400.0
2026-02-24,7859775.0,7800.0,20925.0,-27125.0,14000.0
2026-02-25,7909455.0,49680.0,18600.0,33480.0,-2400.0
2026-02-26,7927755.0,18300.0,13500.0,0.0,4800.0
2026-02-27,7957255.0,29500.0,31500.0,0.0,-2000.0
2026-03-02,7999165.0,41910.0,20250.0,15150.0,6510.0
2026-03-03,8045165.0,46000.0,0.0,14100.0,31900.0
2026-03-04,7996215.0,-48950.0,36000.0,-20550.0,-64400.0
2026-03-05,8004315.0,8100.0,0.0,0.0,8100.0
2026-03-06,8076565.0,72250.0,20250.0,0.0,52000.0
2026-03-09,8142565.0,66000.0,6750.0,24750.0,34500.0
2026-03-10,8151665.0,9100.0,31500.0,15000.0,-37400.0
2026-03-11,8189540.0,37875.0,9000.0,14175.0,14700.0
2026-03-12,8237840.0,48300.0,22500.0,1800.0,24000.0
2026-03-13,8201590.0,-36250.0,0.0,-22950.0,-13300.0
2026-03-16,8179340.0,-22250.0,29250.0,-24300.0,-27200.0
2026-03-17,8219840.0,40500.0,24750.0,-750.0,16500.0
2026-03-18,8240590.0,20750.0,6750.0,16800.0,-2800.0
2026-03-19,8318815.0,78225.0,13500.0,53025.0,11700.0
2026-03-20,8265640.0,-53175.0,4500.0,-37275.0,-20400.0
2026-03-23,8176540.0,-89100.0,27000.0,-107100.0,-9000.0
2026-03-24,8190740.0,14200.0,13500.0,3900.0,-3200.0
2026-03-25,8210190.0,19450.0,18000.0,-1350.0,2800.0
2026-03-26,8244690.0,34500.0,31500.0,0.0,3000.0
2026-03-27,8273490.0,28800.0,0.0,28800.0,-0.0
2026-03-30,8299190.0,25700.0,27900.0,0.0,-2200.0
2026-03-31,8300585.0,1395.0,2325.0,-930.0,-0.0
2026-04-01,8271797.5,-28787.5,27900.0,-25187.5,-31500.0
2026-04-02,8275095.0,3297.5,39525.0,1472.5,-37700.0
2026-04-06,8357915.0,82820.0,39525.0,-1705.0,45000.0
2026-04-07,8318707.5,-39207.5,0.0,-32007.5,-7200.0
2026-04-08,8365937.5,47230.0,20925.0,79205.0,-52900.0
2026-04-09,8378492.5,12555.0,20925.0,-8370.0,-0.0
2026-04-10,8364282.5,-14210.0,18600.0,-3410.0,-29400.0
2026-04-13,8425227.5,60945.0,37200.0,-3255.0,27000.0
2026-04-14,8444137.5,18910.0,23250.0,-4340.0,0.0
2026-04-15,8469817.5,25680.0,25575.0,1705.0,-1600.0
2026-04-16,8513682.5,43865.0,20925.0,22940.0,-0.0
2026-04-17,8528760.0,15077.5,18600.0,6277.5,-9800.0
2026-04-20,8561847.5,33087.5,18600.0,3487.5,11000.0
2026-04-21,8581957.5,20110.0,23250.0,1860.0,-5000.0
2026-04-22,8625620.0,43662.5,34875.0,9687.5,-900.0
2026-04-23,8544615.0,-81005.0,2325.0,-75330.0,-8000.0
2026-04-24,8480417.5,-64197.5,6975.0,-63472.5,-7700.0
2026-04-27,8500172.5,19755.0,0.0,12555.0,7200.0
2026-04-28,8508407.5,8235.0,4650.0,4185.0,-600.0
2026-04-29,8519907.5,11500.0,13500.0,0.0,-2000.0
2026-04-30,8590057.5,70150.0,15750.0,54000.0,400.0
2026-05-01,8648442.5,58385.0,31500.0,4875.0,22010.0
2026-05-04,8703967.5,55525.0,24750.0,19575.0,11200.0
2026-05-05,8812792.5,108825.0,36000.0,29625.0,43200.0
2026-05-06,8816292.5,3500.0,11250.0,13050.0,-20800.0
2026-05-07,8806267.5,-10025.0,11250.0,-8775.0,-12500.0
2026-05-08,8820517.5,14250.0,2250.0,0.0,12000.0
2026-05-11,8835217.5,14700.0,0.0,0.0,14700.0
2026-05-12,8866717.5,31500.0,13500.0,0.0,18000.0
2026-05-13,8876317.5,9600.0,9000.0,6300.0,-5700.0
2026-05-14,8860117.5,-16200.0,0.0,0.0,-16200.0
2026-05-15,8906367.5,46250.0,29250.0,0.0,17000.0
2026-05-18,9004017.5,97650.0,29250.0,43200.0,25200.0
2026-05-19,9063067.5,59050.0,24750.0,13500.0,20800.0
2026-05-20,9017317.5,-45750.0,18000.0,-57750.0,-6000.0
2026-05-21,9056267.5,38950.0,36000.0,7350.0,-4400.0
2026-05-22,9049342.5,-6925.0,6750.0,8325.0,-22000.0
2026-05-26,9104542.5,55200.0,40500.0,3900.0,10800.0
2026-05-27,9121792.5,17250.0,15750.0,0.0,1500.0
2026-05-28,9118192.5,-3600.0,0.0,0.0,-3600.0
2026-05-29,9131842.5,13650.0,4650.0,0.0,9000.0
2026-06-01,9112612.5,-19230.0,6975.0,-17205.0,-9000.0
2026-06-02,9149052.5,36440.0,9300.0,-1860.0,29000.0
2026-06-03,9177262.5,28210.0,20925.0,7285.0,-0.0
2026-06-04,9215297.5,38035.0,48825.0,18910.0,-29700.0
2026-06-05,9182642.5,-32655.0,9300.0,-49755.0,7800.0
2026-06-08,9164322.5,-18320.0,18600.0,-25420.0,-11500.0
2026-06-09,9165090.0,767.5,23250.0,-4882.5,-17600.0
2026-06-10,9184552.5,19462.5,13950.0,24412.5,-18900.0
2026-06-11,9178962.5,-5590.0,25575.0,-53165.0,22000.0
2026-06-12,9213307.5,34345.0,0.0,15345.0,19000.0
2026-06-15,9249112.5,35805.0,23250.0,12555.0,0.0
2026-06-16,9226217.5,-22895.0,11625.0,-28520.0,-6000.0
2026-06-17,9238387.5,12170.0,18600.0,14570.0,-21000.0
2026-06-18,9304197.5,65810.0,23250.0,20460.0,22100.0
2026-06-22,9320247.5,16050.0,9300.0,13950.0,-7200.0
2026-06-23,9263387.5,-56860.0,16275.0,-73935.0,800.0
2026-06-24,9306777.5,43390.0,23250.0,22940.0,-2800.0
2026-06-25,9286667.5,-20110.0,0.0,-18910.0,-1200.0
2026-06-26,9338727.5,52060.0,37200.0,17360.0,-2500.0
2026-06-29,9346627.5,7900.0,9300.0,0.0,-1400.0
2026-06-30,9390702.5,44075.0,44175.0,0.0,-100.0
2026-07-01,9475875.0,85172.5,4650.0,29837.5,50685.0
2026-07-02,9526095.0,50220.0,37200.0,13020.0,-0.0
2026-07-06,9515895.0,-10200.0,9300.0,0.0,-19500.0
2026-07-07,9486120.0,-29775.0,30225.0,0.0,-60000.0
2026-07-08,9507587.5,21467.5,25575.0,-4107.5,-0.0
2026-07-09,9526037.5,18450.0,4650.0,0.0,13800.0
2026-07-10,9397112.5,-128925.0,16275.0,0.0,-145200.0
2026-07-13,9448940.0,51827.5,0.0,23327.5,28500.0
2026-07-14,9482042.5,33102.5,55800.0,-3797.5,-18900.0
2026-07-15,9514717.5,32675.0,20925.0,1550.0,10200.0
2026-07-16,9582367.5,67650.0,34875.0,25575.0,7200.0
2026-07-17,9552587.5,-29780.0,4650.0,-16430.0,-18000.0
2026-07-20,9586697.5,34110.0,9300.0,15810.0,9000.0
2026-07-21,9615372.5,28675.0,30225.0,-1550.0,0.0
2026-07-22,9611622.5,-3750.0,0.0,-23250.0,19500.0
2026-07-23,9637010.0,25387.5,23250.0,3487.5,-1350.0
2026-07-24,9636822.5,-187.5,23250.0,-17437.5,-6000.0
2026-07-27,9624712.5,-12110.0,13950.0,-8060.0,-18000.0
2026-07-28,9657300.0,32587.5,39525.0,-8137.5,1200.0
2026-07-29,9628575.0,-28725.0,23250.0,-48825.0,-3150.0
2026-07-30,9653175.0,24600.0,22500.0,0.0,2100.0
2026-07-31,9649800.0,-3375.0,0.0,-2475.0,-900.0
2026-08-03,9602575.0,-47225.0,0.0,7650.0,-54875.0
2026-08-04,9665300.0,62725.0,36000.0,-22275.0,49000.0
2026-08-05,9767450.0,102150.0,9000.0,-1350.0,94500.0
2026-08-06,9771050.0,3600.0,0.0,3600.0,0.0
2026-08-07,9828150.0,57100.0,33750.0,-1650.0,25000.0
2026-08-10,9702350.0,-125800.0,31500.0,-69300.0,-88000.0
2026-08-11,9663575.0,-38775.0,0.0,-2025.0,-36750.0
2026-08-12,9680600.0,17025.0,29250.0,2775.0,-15000.0
2026-08-13,9689300.0,8700.0,20250.0,-11550.0,0.0
2026-08-14,9711350.0,22050.0,4500.0,4050.0,13500.0
2026-08-17,9718100.0,6750.0,31500.0,-32250.0,7500.0
2026-08-18,9748300.0,30200.0,9000.0,38700.0,-17500.0
2026-08-19,9744550.0,-3750.0,6750.0,28500.0,-39000.0
2026-08-20,9690550.0,-54000.0,6750.0,-60750.0,-0.0
2026-08-21,9753550.0,63000.0,9000.0,21000.0,33000.0
2026-08-24,9807800.0,54250.0,49500.0,6750.0,-2000.0
2026-08-25,9854850.0,47050.0,31500.0,-7200.0,22750.0
2026-08-26,9869850.0,15000.0,31500.0,0.0,-16500.0
2026-08-27,9869600.0,-250.0,0.0,9750.0,-10000.0
2026-08-28,9890550.0,20950.0,13950.0,0.0,7000.0
2026-08-31,9920170.0,29620.0,53475.0,-21855.0,-2000.0
2026-09-01,9945082.5,24912.5,13950.0,12012.5,-1050.0
2026-09-02,9924357.5,-20725.0,2325.0,-20150.0,-2900.0
2026-09-03,9947487.5,23130.0,0.0,13330.0,9800.0
2026-09-04,9952117.5,4630.0,27900.0,-19220.0,-4050.0
2026-09-08,9966402.5,14285.0,34875.0,-18290.0,-2300.0
2026-09-09,9927362.5,-39040.0,0.0,-29140.0,-9900.0
2026-09-10,9928157.5,795.0,2325.0,3720.0,-5250.0
2026-09-11,9954777.5,26620.0,32550.0,-930.0,-5000.0
2026-09-14,9986052.5,31275.0,9300.0,10075.0,11900.0
2026-09-15,9992087.5,6035.0,0.0,-3565.0,9600.0
2026-09-16,10033552.5,41465.0,34875.0,4340.0,2250.0
2026-09-17,10059102.5,25550.0,32550.0,0.0,-7000.0
2026-09-18,10103642.5,44540.0,34875.0,5115.0,4550.0
2026-09-21,10090947.5,-12695.0,6975.0,-17670.0,-2000.0
2026-09-22,10145165.0,54217.5,25575.0,29992.5,-1350.0
