counterparty_id,name,level,first_day,last_day,trading_days,peak_day,peak_exposure,effective_limit,peak_utilization
CP07,LNG Feedgas Buyer G,red,2025-03-10,2025-09-03,124,2025-08-01,14315860.0,3000000.0,4.772
CP04,Texas Power Generator D,red,2025-08-04,2025-08-27,18,2025-08-27,16242292.5,10000000.0,1.6242
CP08,Regional Marketer H,red,2025-08-25,2025-08-29,5,2025-08-25,5625172.5,3000000.0,1.8751
CP04,Texas Power Generator D,red,2025-09-08,2025-09-26,15,2025-09-26,12687060.0,10000000.0,1.2687
CP07,LNG Feedgas Buyer G,red,2025-09-09,2026-01-22,94,2026-01-02,8813637.5,3000000.0,2.9379
CP08,Regional Marketer H,red,2025-09-25,2025-09-30,4,2025-09-30,5191632.5,3000000.0,1.7305
CP08,Regional Marketer H,red,2025-12-26,2025-12-31,4,2025-12-30,11328602.5,3000000.0,3.7762
CP08,Regional Marketer H,red,2026-01-23,2026-01-26,2,2026-01-23,6279705.0,3000000.0,2.0932
CP07,LNG Feedgas Buyer G,red,2026-01-27,2026-04-02,47,2026-03-06,10402620.0,3000000.0,3.4675
CP06,LNG Feedgas Buyer F,red,2026-01-30,2026-02-24,17,2026-02-24,27234350.0,20000000.0,1.3617
CP07,LNG Feedgas Buyer G,red,2026-04-10,2026-05-04,17,2026-05-04,4641845.0,3000000.0,1.5473
CP07,LNG Feedgas Buyer G,red,2026-05-13,2026-06-03,15,2026-06-03,4458797.5,3000000.0,1.4863
CP04,Texas Power Generator D,red,2026-05-27,2026-05-27,1,2026-05-27,10038812.5,10000000.0,1.0039
CP07,LNG Feedgas Buyer G,red,2026-06-16,2026-07-02,12,2026-07-02,4239235.0,3000000.0,1.4131
CP07,LNG Feedgas Buyer G,red,2026-07-09,2026-09-22,53,2026-09-03,6107337.5,3000000.0,2.0358
CP07,LNG Feedgas Buyer G,amber,2025-03-03,2026-01-22,226,2025-08-01,14315860.0,3000000.0,4.772
CP04,Texas Power Generator D,amber,2025-03-14,2025-03-27,10,2025-03-27,9229030.0,10000000.0,0.9229
CP04,Texas Power Generator D,amber,2025-07-21,2025-09-26,49,2025-08-27,16242292.5,10000000.0,1.6242
CP08,Regional Marketer H,amber,2025-08-25,2025-08-29,5,2025-08-25,5625172.5,3000000.0,1.8751
CP08,Regional Marketer H,amber,2025-09-25,2025-09-30,4,2025-09-30,5191632.5,3000000.0,1.7305
CP08,Regional Marketer H,amber,2025-12-26,2025-12-31,4,2025-12-30,11328602.5,3000000.0,3.7762
CP08,Regional Marketer H,amber,2026-01-23,2026-01-26,2,2026-01-23,6279705.0,3000000.0,2.0932
CP07,LNG Feedgas Buyer G,amber,2026-01-27,2026-06-03,89,2026-03-06,10402620.0,3000000.0,3.4675
CP06,LNG Feedgas Buyer F,amber,2026-01-27,2026-02-24,20,2026-02-24,27234350.0,20000000.0,1.3617
CP03,Gulf Coast Utility C,amber,2026-02-09,2026-02-24,11,2026-02-24,14830640.0,15000000.0,0.9887
CP05,Petrochemical Plant E,amber,2026-02-09,2026-02-24,11,2026-02-24,10347715.0,12000000.0,0.8623
CP04,Texas Power Generator D,amber,2026-04-27,2026-04-27,1,2026-04-27,7742407.5,10000000.0,0.7742
CP04,Texas Power Generator D,amber,2026-05-18,2026-05-27,7,2026-05-27,10038812.5,10000000.0,1.0039
CP04,Texas Power Generator D,amber,2026-06-01,2026-06-26,19,2026-06-26,9784862.5,10000000.0,0.9785
CP07,LNG Feedgas Buyer G,amber,2026-06-05,2026-09-22,75,2026-09-03,6107337.5,3000000.0,2.0358
CP05,Petrochemical Plant E,amber,2026-06-24,2026-06-24,1,2026-06-24,9078940.0,12000000.0,0.7566
CP04,Texas Power Generator D,amber,2026-09-10,2026-09-22,9,2026-09-22,8479062.5,10000000.0,0.8479
