report_date,mm_net_pct_oi,percentile,signal,entry_date,forward_return,strategy_return
2009-12-29,-0.138929651147881,0.41025641025641024,0.0,2010-01-05,0.025912517204479624,0.0
2010-01-05,-0.1497720577775875,0.358974358974359,0.0,2010-01-11,0.03482217208898497,0.0
2010-01-12,-0.1488899032965471,0.3717948717948718,0.0,2010-01-19,0.0340978174526263,0.0
2010-01-19,-0.1429495149824483,0.40384615384615385,0.0,2010-01-25,-0.11494317545232646,-0.0
2010-01-26,-0.1428729151161144,0.41025641025641024,0.0,2010-02-01,-0.1411074800011891,-0.0
2010-02-02,-0.1318801082955461,0.46153846153846156,0.0,2010-02-08,-0.17665271965474227,-0.0
2010-02-09,-0.125721327048427,0.4935897435897436,0.0,2010-02-16,-0.197801038869156,-0.0
2010-02-16,-0.1324728339207946,0.46153846153846156,0.0,2010-02-22,-0.18005760716518338,-0.0
2010-02-23,-0.1646905776789174,0.28205128205128205,0.0,2010-03-01,-0.18931322669106065,-0.0
2010-03-02,-0.1796050225527246,0.21794871794871795,0.0,2010-03-08,-0.12579884758341064,-0.0
2010-03-09,-0.1773283375856569,0.23717948717948717,0.0,2010-03-15,-0.07979223239224775,-0.0
2010-03-16,-0.1924805223818078,0.1794871794871795,0.0,2010-03-22,-0.05157746060448454,-0.0
2010-03-23,-0.197146074498981,0.16666666666666666,0.0,2010-03-29,0.05936534092568069,0.0
2010-03-30,-0.1835062673240611,0.21794871794871795,0.0,2010-04-05,-0.009352450378573796,-0.0
2010-04-06,-0.1899596606189159,0.20512820512820512,0.0,2010-04-12,0.09722872217335032,0.0
2010-04-13,-0.1912253791019475,0.1987179487179487,0.0,2010-04-19,0.1665594063158422,0.0
2010-04-20,-0.2041642975732902,0.15384615384615385,0.0,2010-04-26,-0.00159814245767409,-0.0
2010-04-27,-0.1799771476864157,0.2564102564102564,0.0,2010-05-03,0.016361680975070847,0.0
2010-05-04,-0.2104783176214648,0.1282051282051282,0.0,2010-05-10,0.09857288540601461,0.0
2010-05-11,-0.175901099432217,0.30128205128205127,0.0,2010-05-17,0.12159891105654097,0.0
2010-05-18,-0.156318930248309,0.3782051282051282,0.0,2010-05-24,0.12507930692447267,0.0
2010-05-25,-0.1781311242502162,0.28205128205128205,0.0,2010-06-01,0.13479587255583203,0.0
2010-06-01,-0.1695726065336438,0.3269230769230769,0.0,2010-06-07,0.01778687985344507,0.0
2010-06-08,-0.1149531390840672,0.6474358974358975,0.0,2010-06-14,-0.07298557178685572,-0.0
2010-06-15,-0.115575638119878,0.6474358974358975,0.0,2010-06-21,0.006726909472729803,0.0
2010-06-22,-0.1310835979297299,0.5705128205128205,0.0,2010-06-28,0.027541658685517945,0.0
2010-06-29,-0.1585875373887549,0.38461538461538464,0.0,2010-07-06,-0.04122257305520005,-0.0
2010-07-06,-0.1411434333635423,0.532051282051282,0.0,2010-07-12,-0.05016366522546711,-0.0
2010-07-13,-0.1621819444496488,0.3782051282051282,0.0,2010-07-19,-0.09656407983914339,-0.0
2010-07-20,-0.1540925380164605,0.4230769230769231,0.0,2010-07-26,-0.1579978708513463,-0.0
2010-07-27,-0.1356938021986076,0.5769230769230769,0.0,2010-08-02,-0.20831054670706806,-0.0
2010-08-03,-0.1194423202270546,0.6794871794871795,0.0,2010-08-09,-0.1108026132558333,-0.0
2010-08-10,-0.1458413990817516,0.5128205128205128,0.0,2010-08-16,-0.06266030102983522,-0.0
2010-08-17,-0.143500669125961,0.5256410256410257,0.0,2010-08-23,-0.03551245963215033,-0.0
2010-08-24,-0.1537320548176667,0.4358974358974359,0.0,2010-08-30,-0.0031529411146837827,-0.0
2010-08-31,-0.1561060507521951,0.41025641025641024,0.0,2010-09-07,-0.07045292349856291,-0.0
2010-09-07,-0.1513005991612467,0.47435897435897434,0.0,2010-09-13,-0.13120923388316252,-0.0
2010-09-14,-0.1600893739442824,0.38461538461538464,0.0,2010-09-20,-0.1496699577295162,-0.0
2010-09-21,-0.1630457133624804,0.3782051282051282,0.0,2010-09-27,-0.17768818780347373,-0.0
2010-09-28,-0.1928137756420193,0.1987179487179487,0.0,2010-10-04,-0.12047224929747169,-0.0
2010-10-05,-0.1759001720387731,0.32051282051282054,0.0,2010-10-11,-0.021411289121428645,-0.0
2010-10-12,-0.1786605492349645,0.28846153846153844,0.0,2010-10-18,-0.03433364571047526,-0.0
2010-10-19,-0.1717490443462932,0.33974358974358976,0.0,2010-10-25,0.10453174300912349,0.0
2010-10-26,-0.155441715386109,0.4551282051282051,0.0,2010-11-01,0.1003727348195782,0.0
2010-11-02,-0.1285337202544944,0.6923076923076923,0.0,2010-11-08,0.08540497854440332,0.0
2010-11-09,-0.1211009849497712,0.75,0.0,2010-11-15,0.11476957246099517,0.0
2010-11-16,-0.1380708151952006,0.6538461538461539,0.0,2010-11-22,-0.037462934868894626,-0.0
2010-11-23,-0.1196701681597738,0.7756410256410257,0.0,2010-11-29,0.0014241734848337018,0.0
2010-11-30,-0.1455999852379458,0.5833333333333334,0.0,2010-12-06,0.011011257497703042,0.0
2010-12-07,-0.1229452171832815,0.7564102564102564,0.0,2010-12-13,-0.014820030299178555,-0.0
2010-12-14,-0.1278129623546249,0.7243589743589743,0.0,2010-12-20,0.045159859515212286,0.0
2010-12-21,-0.1733509002850382,0.3333333333333333,0.0,2010-12-27,0.05562326933346462,0.0
2010-12-28,-0.1773262775086377,0.3141025641025641,0.0,2011-01-03,-0.029255421938265913,-0.0
2011-01-04,-0.1169446468871126,0.8205128205128205,0.0,2011-01-10,-0.04700675990952563,-0.0
2011-01-11,-0.1175311081546408,0.8205128205128205,0.0,2011-01-18,-0.0688681769380548,-0.0
2011-01-18,-0.1390393283677548,0.6538461538461539,0.0,2011-01-24,-0.13109410412609113,-0.0
2011-01-25,-0.1240357892094457,0.7756410256410257,0.0,2011-01-31,-0.15867736845529667,-0.0
2011-02-01,-0.1446508283147018,0.6089743589743589,0.0,2011-02-07,-0.08682622410674279,-0.0
2011-02-08,-0.1576070435567868,0.44871794871794873,0.0,2011-02-14,-0.02249887625063951,-0.0
2011-02-15,-0.1835292075928524,0.25,0.0,2011-02-22,0.06881368995188586,0.0
2011-02-22,-0.1964261909919517,0.1858974358974359,0.0,2011-02-28,0.08017605254236271,0.0
2011-03-01,-0.2111701391151365,0.1282051282051282,0.0,2011-03-07,0.09253115042767646,0.0
2011-03-08,-0.1998929365293452,0.17307692307692307,0.0,2011-03-14,0.052729690174366795,0.0
2011-03-15,-0.1904281342569458,0.25,0.0,2011-03-21,-0.0011894696812595473,-0.0
2011-03-22,-0.1514969879752977,0.5705128205128205,0.0,2011-03-28,0.007321026629942162,0.0
2011-03-29,-0.1190460653228419,0.8846153846153846,0.0,2011-04-04,0.04401909474471988,0.0
2011-04-05,-0.1066400366346848,0.9294871794871795,-1.0,2011-04-11,-0.008045304254237218,0.008045304254237218
2011-04-12,-0.131369136922109,0.7628205128205128,0.0,2011-04-18,-0.0305093225050046,-0.0
2011-04-19,-0.1215220012671421,0.8525641025641025,0.0,2011-04-25,-0.05093184993391575,-0.0
2011-04-26,-0.1047849117295756,0.9487179487179487,-1.0,2011-05-02,-0.0491959217791631,0.0491959217791631
2011-05-03,-0.0536733833555406,1.0,-1.0,2011-05-09,0.10755570716034701,-0.10755570716034701
2011-05-10,-0.1152690140313935,0.9230769230769231,-1.0,2011-05-16,0.01569891844361737,-0.01569891844361737
2011-05-17,-0.111926482678119,0.9358974358974359,-1.0,2011-05-23,-0.033808450575156135,0.033808450575156135
2011-05-24,-0.0987438245505933,0.9743589743589743,-1.0,2011-05-31,-0.09197238799147422,0.09197238799147422
2011-05-31,-0.0399720158895781,1.0,-1.0,2011-06-06,-0.11483288691005855,0.11483288691005855
2011-06-07,0.0036134329650626,1.0,-1.0,2011-06-13,-0.08351400552383348,0.08351400552383348
2011-06-14,-0.0060108912258548,0.9935897435897436,-1.0,2011-06-20,0.03505569812868026,-0.03505569812868026
2011-06-21,-0.0674645518987238,0.9743589743589743,-1.0,2011-06-27,0.012665645123429492,-0.012665645123429492
2011-06-28,-0.1019499651234214,0.9615384615384616,-1.0,2011-07-05,-0.01959062404823264,0.01959062404823264
2011-07-05,-0.1052662355248795,0.9487179487179487,-1.0,2011-07-11,-0.05665280929474936,0.05665280929474936
2011-07-12,-0.1238750088542141,0.8269230769230769,0.0,2011-07-18,-0.09271447970544422,-0.0
2011-07-19,-0.0906581219156749,0.967948717948718,-1.0,2011-07-25,-0.09100887412069514,0.09100887412069514
2011-07-26,-0.0980419158466372,0.9615384615384616,-1.0,2011-08-01,-0.0633294962999642,0.0633294962999642
2011-08-02,-0.1236451502266519,0.8205128205128205,0.0,2011-08-08,0.006374382353104835,0.0
2011-08-09,-0.1300384165726383,0.7692307692307693,0.0,2011-08-15,-0.005382371753489101,-0.0
2011-08-16,-0.1321534902414006,0.7435897435897436,0.0,2011-08-22,-0.01806512281043382,-0.0
2011-08-23,-0.1277240909682652,0.782051282051282,0.0,2011-08-29,-0.021200385291891832,-0.0
2011-08-30,-0.122777658145425,0.8269230769230769,0.0,2011-09-06,-0.05811322095938909,-0.0
2011-09-06,-0.1267874087889794,0.782051282051282,0.0,2011-09-12,-0.0715881726632448,-0.0
2011-09-13,-0.1174882488658239,0.8846153846153846,0.0,2011-09-19,-0.016393708817548758,-0.0
2011-09-20,-0.1444061956716751,0.6153846153846154,0.0,2011-09-26,-0.027082955420699273,-0.0
2011-09-27,-0.1471093822662093,0.5769230769230769,0.0,2011-10-03,-0.004692771031674203,-0.0
2011-10-04,-0.1320610199103024,0.717948717948718,0.0,2011-10-10,-0.045862474705334,-0.0
2011-10-11,-0.1308246003694536,0.7371794871794872,0.0,2011-10-17,-0.15309843803409673,-0.0
2011-10-18,-0.12676245670037,0.7756410256410257,0.0,2011-10-24,-0.14726762862926557,-0.0
2011-10-25,-0.1245990338955129,0.7884615384615384,0.0,2011-10-31,-0.10496516886857177,-0.0
2011-11-01,-0.1282744514418365,0.7371794871794872,0.0,2011-11-07,-0.0835765861145672,-0.0
2011-11-08,-0.1432384680371146,0.5897435897435898,0.0,2011-11-14,-0.0785190299358356,-0.0
2011-11-15,-0.1503086961537111,0.4935897435897436,0.0,2011-11-21,-0.10845459047266037,-0.0
2011-11-22,-0.1447250256801454,0.5641025641025641,0.0,2011-11-28,-0.15479312224997543,-0.0
2011-11-29,-0.1426936587459886,0.6089743589743589,0.0,2011-12-05,-0.08375302419348563,-0.0
2011-12-06,-0.1314440008944003,0.6987179487179487,0.0,2011-12-12,-0.13190110753643713,-0.0
2011-12-13,-0.1211295112905592,0.8333333333333334,0.0,2011-12-19,-0.25998845780018764,-0.0
2011-12-20,-0.1175355859990368,0.8717948717948718,0.0,2011-12-27,-0.1501393311294672,-0.0
2011-12-27,-0.1251083493212108,0.7692307692307693,0.0,2012-01-03,-0.2689581538893582,-0.0
2012-01-03,-0.1073745592809551,0.9230769230769231,-1.0,2012-01-09,-0.2378671026756578,0.2378671026756578
2012-01-10,-0.0950301199324262,0.9615384615384616,-1.0,2012-01-17,-0.023091984195492854,0.023091984195492854
2012-01-17,-0.0765831703682291,0.967948717948718,-1.0,2012-01-23,-0.0014017251604681036,0.0014017251604681036
2012-01-24,-0.0708955871379735,0.967948717948718,-1.0,2012-01-30,-0.06196171500020964,0.06196171500020964
2012-01-31,-0.0637746918966534,0.9743589743589743,-1.0,2012-02-06,-0.06689677545028916,0.06689677545028916
2012-02-07,-0.0574234943898141,0.9743589743589743,-1.0,2012-02-13,-0.043597114514614344,0.043597114514614344
2012-02-14,-0.0493672430430008,0.9807692307692307,-1.0,2012-02-21,-0.10521851892289291,0.10521851892289291
2012-02-21,-0.0565338535077854,0.967948717948718,-1.0,2012-02-27,-0.12365573401483698,0.12365573401483698
2012-02-28,-0.067865567457474,0.9423076923076923,-1.0,2012-03-05,-0.06305859776950151,0.06305859776950151
2012-03-06,-0.0720009733416199,0.9294871794871795,-1.0,2012-03-12,-0.08372647796718558,0.08372647796718558
2012-03-13,-0.0829108791457672,0.9166666666666666,-1.0,2012-03-19,-0.15941423210125794,0.15941423210125794
2012-03-20,-0.0790915160424936,0.9166666666666666,-1.0,2012-03-26,-0.09255335558923772,0.09255335558923772
2012-03-27,-0.0919060743421127,0.8974358974358975,0.0,2012-04-02,0.041422764520645305,0.0
2012-04-03,-0.0767184642695387,0.9166666666666666,-1.0,2012-04-09,0.04768341701012768,-0.04768341701012768
2012-04-10,-0.0811676747607007,0.9038461538461539,-1.0,2012-04-16,0.1316958816599043,-0.1316958816599043
2012-04-17,-0.0800204571046775,0.9038461538461539,-1.0,2012-04-23,0.20683449409047006,-0.20683449409047006
2012-04-24,-0.0847431505649776,0.8846153846153846,0.0,2012-04-30,0.11676135437109902,0.0
2012-05-01,-0.0821950810326444,0.8910256410256411,0.0,2012-05-07,0.1062006987313815,0.0
2012-05-08,-0.0621900890456414,0.9551282051282052,-1.0,2012-05-14,-0.02521792685623092,0.02521792685623092
2012-05-15,-0.0510645850731521,0.9743589743589743,-1.0,2012-05-21,0.03535035744061776,-0.03535035744061776
2012-05-22,-0.049342637974968,0.9807692307692307,-1.0,2012-05-29,0.13482294123577943,-0.13482294123577943
2012-05-29,-0.0485274575237691,0.9807692307692307,-1.0,2012-06-04,0.1728518312905517,-0.1728518312905517
2012-06-05,-0.0519788465696927,0.9551282051282052,-1.0,2012-06-11,0.22665339103056248,-0.22665339103056248
2012-06-12,-0.0583310946144926,0.9294871794871795,-1.0,2012-06-18,0.07570347220529927,-0.07570347220529927
2012-06-19,-0.0657986650108661,0.9102564102564102,-1.0,2012-06-25,0.18444979153757102,-0.18444979153757102
2012-06-26,-0.0462019341197554,0.9807692307692307,-1.0,2012-07-02,0.09330257721278068,-0.09330257721278068
2012-07-03,-0.0104801771196543,0.9871794871794872,-1.0,2012-07-09,-0.025868367515905488,0.025868367515905488
2012-07-10,-0.0036562923887119,0.9935897435897436,-1.0,2012-07-16,-0.060543804855649586,0.060543804855649586
2012-07-17,0.0232244433173482,1.0,-1.0,2012-07-23,-0.15036252457209287,0.15036252457209287
2012-07-24,0.0351395745324887,1.0,-1.0,2012-07-30,-0.19182514415021001,0.19182514415021001
2012-07-31,0.0356172310292005,1.0,-1.0,2012-08-06,-0.06873569968648396,0.06873569968648396
2012-08-07,0.0249053272100207,0.9871794871794872,-1.0,2012-08-13,0.04201512548982622,-0.04201512548982622
2012-08-14,0.0261668216144224,0.9871794871794872,-1.0,2012-08-20,-0.05107297734029892,0.05107297734029892
2012-08-21,0.013372706529726,0.967948717948718,-1.0,2012-08-27,0.04726973758438846,-0.04726973758438846
2012-08-28,-0.0167222934911987,0.9358974358974359,-1.0,2012-09-04,0.09279914428804048,-0.09279914428804048
2012-09-04,-0.0189423914621751,0.9294871794871795,-1.0,2012-09-10,0.07070104997708482,-0.07070104997708482
2012-09-11,-0.0208822968938575,0.9230769230769231,-1.0,2012-09-17,0.07612621821538545,-0.07612621821538545
2012-09-18,-0.0106554822393788,0.9358974358974359,-1.0,2012-09-24,0.07614623396899178,-0.07614623396899178
2012-09-25,-0.0096712886429832,0.9423076923076923,-1.0,2012-10-01,0.05913599360897015,-0.05913599360897015
2012-10-02,0.0295950834297503,0.9871794871794872,-1.0,2012-10-08,0.05014657456861138,-0.05014657456861138
2012-10-09,0.0362521454835781,1.0,-1.0,2012-10-15,0.07566399025895576,-0.07566399025895576
2012-10-16,0.0296872265672324,0.9807692307692307,-1.0,2012-10-22,0.12279177296650712,-0.12279177296650712
2012-10-23,0.0317135528642223,0.9807692307692307,-1.0,2012-10-31,0.0206414355785014,-0.0206414355785014
2012-10-30,0.0306466708563937,0.9743589743589743,-1.0,2012-11-05,0.02840116495898215,-0.02840116495898215
2012-11-06,0.0138476335122255,0.9358974358974359,-1.0,2012-11-12,-0.012636309072179275,0.012636309072179275
2012-11-13,-0.0022447128019021,0.9166666666666666,-1.0,2012-11-19,-0.05176860673389805,0.05176860673389805
2012-11-20,0.0104389585078852,0.9230769230769231,-1.0,2012-11-26,-0.07601199359570288,0.07601199359570288
2012-11-27,0.0158671152705316,0.9358974358974359,-1.0,2012-12-03,-0.12746691742684413,0.12746691742684413
2012-12-04,-0.0382578676608418,0.8461538461538461,0.0,2012-12-10,-0.12812842660152524,-0.0
2012-12-11,-0.0439376147047035,0.8333333333333334,0.0,2012-12-17,0.0002246474256326625,0.0
2012-12-18,-0.0564043994609058,0.782051282051282,0.0,2012-12-24,0.00700188642656796,0.0
2012-12-24,-0.0793578013161329,0.6923076923076923,0.0,2012-12-31,-0.01867525216969046,-0.0
2012-12-31,-0.0772405918536419,0.6987179487179487,0.0,2013-01-07,0.02602613231460893,0.0
2013-01-08,-0.0722620363680307,0.7115384615384616,0.0,2013-01-14,-0.05720949839207212,-0.0
2013-01-15,-0.0703995641737176,0.7243589743589743,0.0,2013-01-22,-0.09554921582224662,-0.0
2013-01-22,-0.0516987083195387,0.7948717948717948,0.0,2013-01-28,0.02341194362260901,0.0
2013-01-29,-0.0551434107107667,0.7756410256410257,0.0,2013-02-04,0.05671578373507913,0.0
2013-02-05,-0.0475859077850821,0.8205128205128205,0.0,2013-02-11,0.09997671649638984,0.0
2013-02-12,-0.0581726222536435,0.7435897435897436,0.0,2013-02-19,0.18727162530573782,0.0
2013-02-19,-0.068922086409133,0.6987179487179487,0.0,2013-02-25,0.11823591758811935,0.0
2013-02-26,-0.0563297533274415,0.7628205128205128,0.0,2013-03-04,0.10549947418150984,0.0
2013-03-05,-0.0268242008763278,0.8461538461538461,0.0,2013-03-11,0.08408209867905381,0.0
2013-03-12,0.0011486089418656,0.9038461538461539,-1.0,2013-03-18,0.05716439274283469,-0.05716439274283469
2013-03-19,0.0328717812487874,0.9807692307692307,-1.0,2013-03-25,0.08012958757163835,-0.08012958757163835
2013-03-26,0.0445388795235243,1.0,-1.0,2013-04-01,0.03715899435369274,-0.03715899435369274
2013-04-02,0.051130696639558,1.0,-1.0,2013-04-08,-0.07013482527796566,0.07013482527796566
2013-04-09,0.0574168132440035,1.0,-1.0,2013-04-15,-0.10519300955327227,0.10519300955327227
2013-04-16,0.0446750839060252,0.9871794871794872,-1.0,2013-04-22,-0.0949544842052048,0.0949544842052048
2013-04-23,0.0521632322636686,0.9935897435897436,-1.0,2013-04-29,-0.050909991896580076,0.050909991896580076
2013-04-30,0.0620905730342697,1.0,-1.0,2013-05-06,0.033600510217838275,-0.033600510217838275
2013-05-07,0.0515762182470043,0.9807692307692307,-1.0,2013-05-13,-0.015721062519293172,0.015721062519293172
2013-05-14,0.0391789782339009,0.9551282051282052,-1.0,2013-05-20,-0.009440308099506911,0.009440308099506911
2013-05-21,0.0382765619780606,0.9487179487179487,-1.0,2013-05-28,-0.09812290195468609,0.09812290195468609
2013-05-28,0.0506745661977321,0.967948717948718,-1.0,2013-06-03,-0.0915337534207763,0.0915337534207763
2013-06-04,0.0330177242447778,0.9166666666666666,-1.0,2013-06-10,-0.020374273491331696,0.020374273491331696
2013-06-11,0.0192720382134953,0.8589743589743589,0.0,2013-06-17,-0.03446482424445252,-0.0
2013-06-18,0.0098523225906167,0.8269230769230769,0.0,2013-06-24,0.01905284293762488,0.0
2013-06-25,0.0053775808696146,0.8205128205128205,0.0,2013-07-01,-0.006169351048764371,-0.0
2013-07-02,-0.0010280829349031,0.8012820512820513,0.0,2013-07-08,-0.08447748088528573,-0.0
2013-07-09,-0.0037439180352219,0.782051282051282,0.0,2013-07-15,-0.06912089824621992,-0.0
2013-07-16,-0.0007818541600327,0.8012820512820513,0.0,2013-07-22,-0.02475000908026126,-0.0
2013-07-23,0.011079550731326,0.8333333333333334,0.0,2013-07-29,0.023327217701540004,0.0
2013-07-30,-0.0044217565323727,0.7628205128205128,0.0,2013-08-05,0.07594654060086437,0.0
2013-08-06,-0.015268207887977,0.7307692307692307,0.0,2013-08-12,0.05604030969904139,0.0
2013-08-13,-0.0226301769750045,0.7051282051282052,0.0,2013-08-19,0.05479525973790755,0.0
2013-08-20,-0.0132134224840177,0.7307692307692307,0.0,2013-08-26,-0.02948675324740324,-0.0
2013-08-27,-0.0027076912885659,0.7756410256410257,0.0,2013-09-03,-0.04278303644894366,-0.0
2013-09-03,-0.0001475013941139,0.7948717948717948,0.0,2013-09-09,-0.0204772958715147,-0.0
2013-09-10,-0.0018360700905789,0.7756410256410257,0.0,2013-09-16,-0.005412915323086187,-0.0
2013-09-17,0.0067095156217109,0.8141025641025641,0.0,2013-09-23,-0.00895533039388674,-0.0
2013-09-24,-0.002455099468892,0.7564102564102564,0.0,2013-09-30,0.0025249173205101894,0.0
2013-10-01,-0.0177897337497021,0.6794871794871795,0.0,2013-10-07,-0.06622177706538857,-0.0
2013-10-08,-0.0185688649222774,0.6730769230769231,0.0,2013-10-14,-0.0807535696061692,-0.0
2013-10-15,0.0160581636761211,0.8525641025641025,0.0,2013-10-21,-0.02819011638140445,-0.0
2013-10-22,0.0110093997178499,0.8205128205128205,0.0,2013-10-28,0.045628146873336384,0.0
2013-10-29,-0.0155226738178106,0.6730769230769231,0.0,2013-11-04,0.12338549281620126,0.0
2013-11-05,-0.0602139364637966,0.5,0.0,2013-11-11,0.15020315665397255,0.0
2013-11-12,-0.0715766929429282,0.4423076923076923,0.0,2013-11-18,0.14997531935211117,0.0
2013-11-19,-0.0623676275017376,0.48717948717948717,0.0,2013-11-25,0.1331652141860904,0.0
2013-11-26,-0.014347041582486,0.6794871794871795,0.0,2013-12-02,0.060266577976327396,0.0
2013-12-03,0.0190931126443164,0.8525641025641025,0.0,2013-12-09,-0.002433423105183241,-0.0
2013-12-10,0.041604663977909,0.9487179487179487,-1.0,2013-12-16,0.012047215779410925,-0.012047215779410925
2013-12-17,0.0914253153464706,1.0,-1.0,2013-12-23,0.059458472526528805,-0.059458472526528805
2013-12-24,0.1043539924729787,1.0,-1.0,2013-12-30,0.12829406218807682,-0.12829406218807682
2013-12-31,0.1061500100667503,1.0,-1.0,2014-01-06,0.22612982012039873,-0.22612982012039873
2014-01-07,0.096101728336184,0.9871794871794872,-1.0,2014-01-13,0.12543393783125523,-0.12543393783125523
2014-01-14,0.1023365617718084,0.9871794871794872,-1.0,2014-01-21,0.33204484862389316,-0.33204484862389316
2014-01-21,0.1222273048871506,1.0,-1.0,2014-01-27,0.05447667348773355,-0.05447667348773355
2014-01-28,0.1389950948615751,1.0,-1.0,2014-02-03,0.07219835529102547,-0.07219835529102547
2014-02-04,0.1233277558757959,0.9935897435897436,-1.0,2014-02-10,0.12759910435644528,-0.12759910435644528
2014-02-11,0.1299700433072126,0.9935897435897436,-1.0,2014-02-18,-0.09778958042454322,0.09778958042454322
2014-02-18,0.1397773479324937,1.0,-1.0,2014-02-24,-0.119742726046699,0.119742726046699
2014-02-25,0.1406844074988638,1.0,-1.0,2014-03-03,-0.04598584012883644,0.04598584012883644
2014-03-04,0.1266258254061309,0.9743589743589743,-1.0,2014-03-10,-0.05703205565383418,0.05703205565383418
2014-03-11,0.1258917395544566,0.967948717948718,-1.0,2014-03-17,-0.01340245927068806,0.01340245927068806
2014-03-18,0.1179047159290971,0.9487179487179487,-1.0,2014-03-24,0.08412855802549113,-0.08412855802549113
2014-03-25,0.1048810897202157,0.9358974358974359,-1.0,2014-03-31,0.06123004168690338,-0.06123004168690338
2014-04-01,0.0866783781404981,0.9038461538461539,-1.0,2014-04-07,0.030846125439242922,-0.030846125439242922
2014-04-08,0.1034424214985609,0.9230769230769231,-1.0,2014-04-14,-0.08414105994515952,0.08414105994515952
2014-04-15,0.1065168656576778,0.9423076923076923,-1.0,2014-04-21,-0.08836729101383489,0.08836729101383489
2014-04-22,0.1078892070488616,0.9423076923076923,-1.0,2014-04-28,-0.0698655383133513,0.0698655383133513
2014-04-29,0.1008805532430008,0.8974358974358975,0.0,2014-05-05,-0.02458058108711425,-0.0
2014-05-06,0.0981949236821956,0.8910256410256411,0.0,2014-05-12,0.009504483059942448,0.0
2014-05-13,0.0800526664849907,0.8653846153846154,0.0,2014-05-19,0.04017184495056636,0.0
2014-05-20,0.0718880580326925,0.8589743589743589,0.0,2014-05-27,-0.005278254657888004,-0.0
2014-05-27,0.0742492602003604,0.8589743589743589,0.0,2014-06-02,-0.0011501891941141373,-0.0
2014-06-03,0.0757733186686197,0.8589743589743589,0.0,2014-06-09,-0.06761645377096204,-0.0
2014-06-10,0.0687360549990348,0.8397435897435898,0.0,2014-06-16,-0.10665722477295048,-0.0
2014-06-17,0.0729962147313969,0.8461538461538461,0.0,2014-06-23,-0.13226099107694234,-0.0
2014-06-24,0.0572279221319351,0.8141025641025641,0.0,2014-06-30,-0.1744174342378524,-0.0
2014-07-01,0.0479838244573661,0.782051282051282,0.0,2014-07-07,-0.10746510686099442,-0.0
2014-07-08,0.0302669293556907,0.6987179487179487,0.0,2014-07-14,-0.05523385037162298,-0.0
2014-07-15,0.0310739432342207,0.7051282051282052,0.0,2014-07-21,-0.02527431147699466,-0.0
2014-07-22,0.0210870730988192,0.6538461538461539,0.0,2014-07-28,0.03910896485282289,0.0
2014-07-29,0.0108312873104524,0.5961538461538461,0.0,2014-08-04,-0.018940727639092714,-0.0
2014-08-05,-0.0050508959020157,0.4935897435897436,0.0,2014-08-11,-0.028660740615815472,-0.0
2014-08-12,-0.0032071659820808,0.5128205128205128,0.0,2014-08-18,0.018708712832981256,0.0
2014-08-19,0.0160811085248308,0.6346153846153846,0.0,2014-08-25,-0.0646575103387308,-0.0
2014-08-26,0.0230905358087512,0.6538461538461539,0.0,2014-09-02,0.012632884882824547,0.0
2014-09-02,0.0170215989043945,0.6282051282051282,0.0,2014-09-08,-0.03939381127222208,-0.0
2014-09-09,0.0143551787855734,0.6025641025641025,0.0,2014-09-15,-0.0488768860835227,-0.0
2014-09-16,0.0088149902872978,0.5512820512820513,0.0,2014-09-22,-0.0929351781917942,-0.0
2014-09-23,0.0108774627867911,0.5705128205128205,0.0,2014-09-29,-0.15403024379357566,-0.0
2014-09-30,0.030700159430104,0.6987179487179487,0.0,2014-10-06,-0.010362904797593941,-0.0
2014-10-07,0.0100156331535683,0.5448717948717948,0.0,2014-10-13,0.03539604959121201,0.0
2014-10-14,0.0045981897881145,0.5128205128205128,0.0,2014-10-20,0.12028502900510163,0.0
2014-10-21,-0.0136787446605092,0.3974358974358974,0.0,2014-10-27,0.10567979684742901,0.0
2014-10-28,-0.0314330543346481,0.3269230769230769,0.0,2014-11-03,-0.06034556536632385,-0.0
2014-11-04,-0.0035186065443896,0.44871794871794873,0.0,2014-11-10,-0.16972424913929296,-0.0
2014-11-11,0.0127646950593012,0.5769230769230769,0.0,2014-11-17,-0.19881143115652855,-0.0
2014-11-18,0.0233716843731151,0.6538461538461539,0.0,2014-11-24,-0.2862066871974853,-0.0
2014-11-25,0.0379132582834832,0.7435897435897436,0.0,2014-12-01,-0.2870999301803945,-0.0
2014-12-02,-0.0014382273615796,0.46153846153846156,0.0,2014-12-08,-0.25340547102104805,-0.0
2014-12-09,-0.027100676515838,0.2948717948717949,0.0,2014-12-15,-0.1685662219583961,-0.0
2014-12-16,-0.032916639946262,0.28205128205128205,0.0,2014-12-22,-0.1319758318841615,-0.0
2014-12-23,-0.0416357778516103,0.2692307692307692,0.0,2014-12-29,-0.037205988043070626,-0.0
2014-12-30,-0.0513925807564038,0.21794871794871795,0.0,2015-01-05,0.0465644885699632,0.0
2015-01-06,-0.0406336181716909,0.2692307692307692,0.0,2015-01-12,0.04885924168574651,0.0
2015-01-13,-0.0409026354125819,0.26282051282051283,0.0,2015-01-20,0.09199459395129939,0.0
2015-01-20,-0.0432270042988668,0.25,0.0,2015-01-26,0.09925726065735518,0.0
2015-01-27,-0.0519906164009079,0.1794871794871795,0.0,2015-02-02,0.08512959457606417,0.0
2015-02-03,-0.0644519300209164,0.11538461538461539,0.0,2015-02-09,0.12393717833473472,0.0
2015-02-10,-0.0608003757836638,0.1346153846153846,0.0,2015-02-17,0.10746361505489865,0.0
2015-02-17,-0.0563038293031007,0.17307692307692307,0.0,2015-02-23,0.021217011174168077,0.0
2015-02-24,-0.0650180461774914,0.10897435897435898,0.0,2015-03-02,-0.009683510842198206,-0.0
2015-03-03,-0.0787774368321004,0.057692307692307696,1.0,2015-03-09,0.011280869922688286,0.011280869922688286
2015-03-10,-0.0756364436022697,0.07051282051282051,1.0,2015-03-16,-0.060406659972195964,-0.060406659972195964
2015-03-17,-0.0510614952639111,0.21153846153846154,0.0,2015-03-23,-0.0490160811797935,-0.0
2015-03-24,-0.0749244150987959,0.0641025641025641,1.0,2015-03-30,-0.060010227881656775,-0.060010227881656775
2015-03-31,-0.1132676032913779,0.00641025641025641,1.0,2015-04-06,0.016998047289883855,0.016998047289883855
2015-04-07,-0.1157225025611416,0.00641025641025641,1.0,2015-04-13,0.06411867283644712,0.06411867283644712
2015-04-14,-0.1273816369188689,0.00641025641025641,1.0,2015-04-20,0.1258182898500535,0.1258182898500535
2015-04-21,-0.1286902842238201,0.00641025641025641,1.0,2015-04-27,0.0796294046837498,0.0796294046837498
2015-04-28,-0.1487758597201409,0.00641025641025641,1.0,2015-05-04,-0.002606426343526591,-0.002606426343526591
2015-05-05,-0.115108921617283,0.03205128205128205,1.0,2015-05-11,0.05755532001758579,0.05755532001758579
2015-05-12,-0.0945173549481517,0.04487179487179487,1.0,2015-05-18,0.00267387108686723,0.00267387108686723
2015-05-19,-0.0765100253610967,0.07051282051282051,1.0,2015-05-26,0.0073637962858130734,0.0073637962858130734
2015-05-26,-0.0960259714371146,0.04487179487179487,1.0,2015-06-01,0.0731367771693281,0.0731367771693281
2015-06-02,-0.1518749184594151,0.00641025641025641,1.0,2015-06-08,0.019973753142155992,0.019973753142155992
2015-06-09,-0.1622381393977254,0.00641025641025641,1.0,2015-06-15,-0.0011909803620324677,-0.0011909803620324677
2015-06-16,-0.1320173448724863,0.02564102564102564,1.0,2015-06-22,0.0689999634308478,0.0689999634308478
2015-06-23,-0.1338273291783232,0.02564102564102564,1.0,2015-06-29,0.005687904404340305,0.005687904404340305
2015-06-30,-0.127283005907935,0.05128205128205128,1.0,2015-07-06,0.016059442051028716,0.016059442051028716
2015-07-07,-0.1416838853957472,0.02564102564102564,1.0,2015-07-13,0.011255224702285238,0.011255224702285238
2015-07-14,-0.1181891662095721,0.0641025641025641,1.0,2015-07-20,-0.015264950264319399,-0.015264950264319399
2015-07-21,-0.0918185780375943,0.10256410256410256,0.0,2015-07-27,-0.03215697489127134,-0.0
2015-07-28,-0.094590324451642,0.09615384615384616,1.0,2015-08-03,-0.02984008239831959,-0.02984008239831959
2015-08-04,-0.1148312335532059,0.08333333333333333,1.0,2015-08-10,-0.05569546229563782,-0.05569546229563782
2015-08-11,-0.1101800184935679,0.09615384615384616,1.0,2015-08-17,-0.008136078904195987,-0.008136078904195987
2015-08-18,-0.1510176784823174,0.019230769230769232,1.0,2015-08-24,-0.036069860967104184,-0.036069860967104184
2015-08-25,-0.1676480047893971,0.00641025641025641,1.0,2015-08-31,-0.047600840199393035,-0.047600840199393035
2015-09-01,-0.1585927632470524,0.019230769230769232,1.0,2015-09-08,-0.10127425716209948,-0.10127425716209948
2015-09-08,-0.1504022468444196,0.038461538461538464,1.0,2015-09-14,-0.09285584154204218,-0.09285584154204218
2015-09-15,-0.1341456401726944,0.057692307692307696,1.0,2015-09-21,-0.06079894616589887,-0.06079894616589887
2015-09-22,-0.2164758719900019,0.00641025641025641,1.0,2015-09-28,-0.22643586390370096,-0.22643586390370096
2015-09-29,-0.2314311234616911,0.00641025641025641,1.0,2015-10-05,-0.15841062624801494,-0.15841062624801494
2015-10-06,-0.2283853029808552,0.01282051282051282,1.0,2015-10-12,-0.17320050316283409,-0.17320050316283409
2015-10-13,-0.2201013105057465,0.019230769230769232,1.0,2015-10-19,-0.09953415388256226,-0.09953415388256226
2015-10-20,-0.2179173844296373,0.02564102564102564,1.0,2015-10-26,-0.006599804843502977,-0.006599804843502977
2015-10-27,-0.2171183193392674,0.03205128205128205,1.0,2015-11-02,-0.013859534627881809,-0.013859534627881809
2015-11-03,-0.2236342088159957,0.019230769230769232,1.0,2015-11-09,-0.1080766010800287,-0.1080766010800287
2015-11-10,-0.2088671282459486,0.05128205128205128,1.0,2015-11-16,-0.271980380752493,-0.271980380752493
2015-11-17,-0.2012777866305473,0.057692307692307696,1.0,2015-11-23,-0.16019053291033303,-0.16019053291033303
2015-11-24,-0.1834850524746565,0.0641025641025641,1.0,2015-11-30,-0.003136892450665174,-0.003136892450665174
2015-12-01,-0.1824859318764788,0.07051282051282051,1.0,2015-12-07,0.09866257602626871,0.09866257602626871
2015-12-08,-0.1760439920290405,0.07692307692307693,1.0,2015-12-14,0.18695166679550534,0.18695166679550534
2015-12-15,-0.1761031768515358,0.07692307692307693,1.0,2015-12-21,0.118547606132692,0.118547606132692
2015-12-22,-0.1889822483428279,0.0641025641025641,1.0,2015-12-28,-0.015475920832417556,-0.015475920832417556
2015-12-29,-0.1692881982244126,0.09615384615384616,1.0,2016-01-04,-0.14293077775656693,-0.14293077775656693
2016-01-05,-0.1427828084515319,0.14743589743589744,0.0,2016-01-11,-0.13373305257917378,-0.0
2016-01-12,-0.1335663870022639,0.17307692307692307,0.0,2016-01-19,-0.07484101683097566,-0.0
2016-01-19,-0.1450454721022507,0.14743589743589744,0.0,2016-01-25,-0.19236250890469675,-0.0
2016-01-26,-0.1739259044280978,0.09615384615384616,1.0,2016-02-01,-0.21864874252018085,-0.21864874252018085
2016-02-02,-0.1721993343698838,0.10256410256410256,0.0,2016-02-08,-0.23042858548148448,-0.0
2016-02-09,-0.145330910750282,0.16025641025641027,0.0,2016-02-16,-0.03499057188382215,-0.0
2016-02-16,-0.1519218957548471,0.1346153846153846,0.0,2016-02-22,-0.0034483367542359478,-0.0
2016-02-23,-0.1619294669997757,0.1282051282051282,0.0,2016-02-29,0.07702602521004676,0.0
2016-03-01,-0.1638375704236834,0.12179487179487179,0.0,2016-03-07,0.06810878523950281,0.0
2016-03-08,-0.1659366702467257,0.12179487179487179,0.0,2016-03-14,0.0198170512075162,0.0
2016-03-15,-0.14051029910635,0.21153846153846154,0.0,2016-03-21,0.05594304932104843,0.0
2016-03-22,-0.1146786848932311,0.28846153846153844,0.0,2016-03-28,0.03301601283256628,0.0
2016-03-29,-0.0849981228905808,0.3333333333333333,0.0,2016-04-04,-0.0006023103737442526,-0.0
2016-04-05,-0.0665953732393722,0.3717948717948718,0.0,2016-04-11,0.07044938581670745,0.0
2016-04-12,-0.0721734289955467,0.36538461538461536,0.0,2016-04-18,0.022469715804285473,0.0
2016-04-19,-0.0497044662372446,0.4423076923076923,0.0,2016-04-25,-0.0262707001792708,-0.0
2016-04-26,-0.0501176074504433,0.4423076923076923,0.0,2016-05-02,0.013956128271737978,0.0
2016-05-03,-0.071737142981036,0.3717948717948718,0.0,2016-05-09,0.06505948600841371,0.0
2016-05-10,-0.0620829890746979,0.41025641025641024,0.0,2016-05-16,0.14971343194115638,0.0
2016-05-17,-0.0700161559494582,0.38461538461538464,0.0,2016-05-23,0.19805687156779328,0.0
2016-05-24,-0.1055085934727144,0.3076923076923077,0.0,2016-05-31,0.17148211899062282,0.0
2016-05-31,-0.0931139077601742,0.3333333333333333,0.0,2016-06-06,0.06137168898446177,0.0
2016-06-07,-0.0543554060006526,0.4551282051282051,0.0,2016-06-13,0.003330446113061436,0.0
2016-06-14,-0.0405562834721341,0.5192307692307693,0.0,2016-06-20,-0.05965044437337785,-0.0
2016-06-21,-0.0277562626165886,0.5384615384615384,0.0,2016-06-27,-0.054183666109531625,-0.0
2016-06-28,-0.0264499184044881,0.5512820512820513,0.0,2016-07-05,-0.06894937899479969,-0.0
2016-07-05,-0.0287348819786943,0.5384615384615384,0.0,2016-07-11,-0.040789279960393277,-0.0
2016-07-12,-0.0295851854025163,0.5384615384615384,0.0,2016-07-18,-0.10737943568671926,-0.0
2016-07-19,-0.0419915349735852,0.5,0.0,2016-07-25,-0.08273626270830925,-0.0
2016-07-26,-0.0462760305273598,0.4935897435897436,0.0,2016-08-01,0.035452186235134686,0.0
2016-08-02,-0.0319352850111697,0.5448717948717948,0.0,2016-08-08,0.004099367676460908,0.0
2016-08-09,-0.0517322434619088,0.46794871794871795,0.0,2016-08-15,0.13159588417678547,0.0
2016-08-16,-0.066238609817074,0.41025641025641024,0.0,2016-08-22,0.14415829870215058,0.0
2016-08-23,-0.0344798569868505,0.5512820512820513,0.0,2016-08-29,0.0580620385417665,0.0
2016-08-30,0.0111868899867453,0.7243589743589743,0.0,2016-09-06,0.09943804171667758,0.0
2016-09-06,-0.0018020603937349,0.6666666666666666,0.0,2016-09-12,0.11720383673229473,0.0
2016-09-13,0.0850385209951281,0.8653846153846154,0.0,2016-09-19,0.11870700823654956,0.0
2016-09-20,0.1047671850582198,0.9166666666666666,-1.0,2016-09-26,-0.06489481284215337,0.06489481284215337
2016-09-27,0.1163511845689754,0.9423076923076923,-1.0,2016-10-03,-0.1355562806268753,0.1355562806268753
2016-10-04,0.0900082838327499,0.8589743589743589,0.0,2016-10-11,-0.33486902860429657,-0.0
2016-10-11,0.1073706300729741,0.9294871794871795,-1.0,2016-10-17,-0.3085734179705846,0.3085734179705846
2016-10-18,0.1235324351764875,0.9615384615384616,-1.0,2016-10-24,-0.07638168230731734,0.07638168230731734
2016-10-25,0.118995196769738,0.9423076923076923,-1.0,2016-10-31,0.030409587944571825,-0.030409587944571825
2016-11-01,0.0615301224149968,0.782051282051282,0.0,2016-11-07,0.17454340706678395,0.0
2016-11-08,0.0314846428757293,0.75,0.0,2016-11-14,0.1621634545054622,0.0
2016-11-15,0.0125437543586717,0.6730769230769231,0.0,2016-11-21,0.028935863426472697,0.0
2016-11-22,0.0201353817663891,0.7051282051282052,0.0,2016-11-28,0.12622721678233573,0.0
2016-11-29,0.0464256457156727,0.7628205128205128,0.0,2016-12-05,-0.12279274802798779,-0.0
2016-12-06,0.0842048893752613,0.8205128205128205,0.0,2016-12-12,-0.09498054333614547,-0.0
2016-12-13,0.1269492902439574,0.9743589743589743,-1.0,2016-12-19,-0.017942999105148072,0.017942999105148072
2016-12-20,0.1355202230319565,0.9807692307692307,-1.0,2016-12-27,-0.11706001465345439,0.11706001465345439
2016-12-27,0.142535804066392,1.0,-1.0,2017-01-03,-0.003604433289322584,0.003604433289322584
2017-01-03,0.1393018987444572,0.9807692307692307,-1.0,2017-01-09,0.054029745596344325,-0.054029745596344325
2017-01-10,0.1152159287222865,0.8974358974358975,0.0,2017-01-17,-0.11549916586934939,-0.0
2017-01-17,0.1359007215433177,0.967948717948718,-1.0,2017-01-23,-0.18956427410365118,0.18956427410365118
2017-01-24,0.1197918337027268,0.9230769230769231,-1.0,2017-01-30,-0.18143805898859688,0.18143805898859688
2017-01-31,0.1068171561406347,0.8846153846153846,0.0,2017-02-06,-0.10561447719288841,-0.0
2017-02-07,0.0990332729111476,0.8525641025641025,0.0,2017-02-13,-0.030667317356718016,-0.0
2017-02-14,0.0787487041700946,0.8141025641025641,0.0,2017-02-21,0.15894579611656368,0.0
2017-02-21,0.0565166999656445,0.7692307692307693,0.0,2017-02-27,0.12514128555283088,0.0
2017-02-28,0.0579052772881742,0.782051282051282,0.0,2017-03-06,0.04511491540508383,0.0
2017-03-07,0.0636982662867629,0.7948717948717948,0.0,2017-03-13,0.03188856310714816,0.0
2017-03-14,0.0812041575159918,0.8461538461538461,0.0,2017-03-20,0.0034041108143276766,0.0
2017-03-21,0.1021156406713782,0.8974358974358975,0.0,2017-03-27,-0.0331766641037603,-0.0
2017-03-28,0.10986839597888,0.9358974358974359,-1.0,2017-04-03,-0.0412275626922074,0.0412275626922074
2017-04-04,0.1242758486638149,0.967948717948718,-1.0,2017-04-10,-0.06582371709535262,0.06582371709535262
2017-04-11,0.125148989422991,0.967948717948718,-1.0,2017-04-17,-0.005279991351772706,0.005279991351772706
2017-04-18,0.1322198107890982,0.9743589743589743,-1.0,2017-04-24,0.020177705371469568,-0.020177705371469568
2017-04-25,0.1247765707362033,0.9551282051282052,-1.0,2017-05-01,0.00651068706490765,-0.00651068706490765
2017-05-02,0.1350310129810302,0.9743589743589743,-1.0,2017-05-08,-0.013322936135437446,0.013322936135437446
2017-05-09,0.1423543938543722,0.9935897435897436,-1.0,2017-05-15,-0.09292338228317187,0.09292338228317187
2017-05-16,0.1572764093386688,1.0,-1.0,2017-05-22,-0.1073265032265085,0.1073265032265085
2017-05-23,0.1529330570107717,0.9935897435897436,-1.0,2017-05-30,-0.034943717493240545,0.034943717493240545
2017-05-30,0.1136375327948968,0.8846153846153846,0.0,2017-06-05,-0.012095211947554363,-0.0
2017-06-06,0.0638655428852112,0.8012820512820513,0.0,2017-06-12,0.005931997062642136,0.0
2017-06-13,0.0551657532096128,0.7692307692307693,0.0,2017-06-19,0.0632389592211049,0.0
2017-06-20,0.0391032697950918,0.7564102564102564,0.0,2017-06-26,-0.02944785627219204,-0.0
2017-06-27,0.0603944890356111,0.7884615384615384,0.0,2017-07-03,-0.05155897741261839,-0.0
2017-07-03,0.0683951953316068,0.8076923076923077,0.0,2017-07-10,-0.050481599502464336,-0.0
2017-07-11,0.0649917416720794,0.8012820512820513,0.0,2017-07-17,-0.026202518282651077,-0.0
2017-07-18,0.0668577801852731,0.8012820512820513,0.0,2017-07-24,0.01570175017298947,0.0
2017-07-25,0.0555470693244022,0.75,0.0,2017-07-31,0.04582023563188775,0.0
2017-08-01,0.0408365407226821,0.7307692307692307,0.0,2017-08-07,0.05448366314703845,0.0
2017-08-08,0.0294402931858045,0.6987179487179487,0.0,2017-08-14,0.009319245438810908,0.0
2017-08-15,0.0635589936442511,0.7756410256410257,0.0,2017-08-21,0.047834249524629335,0.0
2017-08-22,0.0622600349371655,0.7692307692307693,0.0,2017-08-28,-0.007170906227238927,-0.0
2017-08-29,0.0540640652174417,0.7243589743589743,0.0,2017-09-05,-0.05961448595380392,-0.0
2017-09-05,0.0618752047330051,0.7628205128205128,0.0,2017-09-11,-0.073833487874857,-0.0
2017-09-12,0.0662718877019221,0.7948717948717948,0.0,2017-09-18,-0.09904792651058836,-0.0
2017-09-19,0.104649878256027,0.8525641025641025,0.0,2017-09-25,-0.008997805240106516,-0.0
2017-09-26,0.0685628150000492,0.8012820512820513,0.0,2017-10-02,-0.008956237785387122,-0.0
2017-10-03,0.0405689811073433,0.6794871794871795,0.0,2017-10-09,0.07501623039242111,0.0
2017-10-10,0.0256826367671811,0.6474358974358975,0.0,2017-10-16,0.04637870101345376,0.0
2017-10-17,0.0468280875201411,0.6923076923076923,0.0,2017-10-23,-0.007408013436765337,-0.0
2017-10-24,0.0386008959852286,0.6602564102564102,0.0,2017-10-30,-0.01289468374549374,-0.0
2017-10-31,0.0084766108597808,0.5961538461538461,0.0,2017-11-06,-0.155030508213015,-0.0
2017-11-07,0.0315958212746884,0.6474358974358975,0.0,2017-11-13,-0.24996161147446072,-0.0
2017-11-14,0.056632038200373,0.717948717948718,0.0,2017-11-20,-0.2061201620283728,-0.0
2017-11-21,0.0532177693502228,0.6858974358974359,0.0,2017-11-27,-0.1846520576853221,-0.0
2017-11-28,0.0145187604249955,0.6089743589743589,0.0,2017-12-04,-0.08993646636482855,-0.0
2017-12-05,-0.0092650101472036,0.5769230769230769,0.0,2017-12-11,-0.07040436846362286,-0.0
2017-12-12,-0.0407445240373425,0.5192307692307693,0.0,2017-12-18,0.05231419415460148,0.0
2017-12-19,-0.0406351165506436,0.5192307692307693,0.0,2017-12-26,0.16797757572657912,0.0
2017-12-26,-0.0358589035936116,0.532051282051282,0.0,2018-01-02,0.07244081012696713,0.0
2018-01-02,0.0036600869903163,0.5833333333333334,0.0,2018-01-08,0.06542985361532172,0.0
2018-01-09,0.0315312416497504,0.6346153846153846,0.0,2018-01-16,-0.09490883716147858,-0.0
2018-01-16,0.0774818469390171,0.8012820512820513,0.0,2018-01-22,-0.11637292180861847,-0.0
2018-01-23,0.1160754712775309,0.8910256410256411,0.0,2018-01-29,-0.19650617089163736,-0.0
2018-01-30,0.1550444574327414,0.9935897435897436,-1.0,2018-02-05,-0.021126872027990462,0.021126872027990462
2018-02-06,0.1330543784179982,0.9423076923076923,-1.0,2018-02-12,0.06587478862858953,-0.06587478862858953
2018-02-13,0.0850421962312527,0.8076923076923077,0.0,2018-02-20,0.0004482448865539279,0.0
2018-02-20,0.064518735332895,0.7371794871794872,0.0,2018-02-26,-0.024524925000416475,-0.0
2018-02-27,0.0658870315952391,0.7435897435897436,0.0,2018-03-05,-0.01807915823868056,-0.0
2018-03-06,0.0838955336101201,0.7884615384615384,0.0,2018-03-12,-0.06039714818806097,-0.0
2018-03-13,0.1004231965972995,0.8205128205128205,0.0,2018-03-19,0.01680370474697246,0.0
2018-03-20,0.1020887310878674,0.8205128205128205,0.0,2018-03-26,0.044912804229970016,0.0
2018-03-27,0.0836600628359255,0.7692307692307693,0.0,2018-04-02,0.034780093246940647,0.0
2018-04-03,0.0774019379320714,0.7435897435897436,0.0,2018-04-09,0.023065598797830322,0.0
2018-04-10,0.0769075315058969,0.7371794871794872,0.0,2018-04-16,0.037578725636249866,0.0
2018-04-17,0.105231618723745,0.8397435897435898,0.0,2018-04-23,0.030625186410667027,0.0
2018-04-24,0.1114664822881634,0.8589743589743589,0.0,2018-04-30,0.06175230036180168,0.0
2018-05-01,0.0932750837378965,0.7884615384615384,0.0,2018-05-07,0.07147819785660703,0.0
2018-05-08,0.0625254791103949,0.6474358974358975,0.0,2018-05-14,0.052105771876120865,0.0
2018-05-15,0.1042899730431851,0.8141025641025641,0.0,2018-05-21,0.05007076068580418,0.0
2018-05-22,0.1326951343912567,0.9358974358974359,-1.0,2018-05-29,0.01854445379055658,-0.01854445379055658
2018-05-29,0.1238869828244599,0.8974358974358975,0.0,2018-06-04,-0.02382201904572101,-0.0
2018-06-05,0.1229294287183717,0.8846153846153846,0.0,2018-06-11,-0.05648180889179777,-0.0
2018-06-12,0.1278253273473494,0.9230769230769231,-1.0,2018-06-18,-0.07452641404618565,0.07452641404618565
2018-06-19,0.1232718476716825,0.8782051282051282,0.0,2018-06-25,-0.06791678687708647,-0.0
2018-06-26,0.1140544073880242,0.8333333333333334,0.0,2018-07-02,-0.03444703258322801,-0.0
2018-07-03,0.0824909750930709,0.6987179487179487,0.0,2018-07-09,0.00515534357803249,0.0
2018-07-10,0.0567512710084104,0.5576923076923077,0.0,2018-07-16,0.05403765550496442,0.0
2018-07-17,0.0292615379732103,0.44871794871794873,0.0,2018-07-23,0.07165373844546852,0.0
2018-07-24,0.01599634309253,0.42948717948717946,0.0,2018-07-30,0.027853024986926878,0.0
2018-07-31,0.0281817113862006,0.4423076923076923,0.0,2018-08-06,-0.020705766088634947,-0.0
2018-08-07,0.0624473381724626,0.5897435897435898,0.0,2018-08-13,-0.04311698449093049,-0.0
2018-08-14,0.1036105568076169,0.7692307692307693,0.0,2018-08-20,-0.01040814546665536,-0.0
2018-08-21,0.1160714285714285,0.8397435897435898,0.0,2018-08-27,0.061494016817831954,0.0
2018-08-28,0.0970571541923641,0.7307692307692307,0.0,2018-09-04,0.12314066649687105,0.0
2018-09-04,0.0774754245078821,0.6538461538461539,0.0,2018-09-10,0.16129705959382368,0.0
2018-09-11,0.0519157402810256,0.4807692307692308,0.0,2018-09-17,0.15005540806166562,0.0
2018-09-18,0.0487587921522273,0.47435897435897434,0.0,2018-09-24,0.04085809166155019,0.0
2018-09-25,0.0902496439956607,0.717948717948718,0.0,2018-10-01,0.028987486234899107,0.0
2018-10-02,0.1296077613034898,0.9230769230769231,-1.0,2018-10-08,0.08722498567318882,-0.08722498567318882
2018-10-09,0.1515363877846725,0.9807692307692307,-1.0,2018-10-15,0.1550199726903967,-0.1550199726903967
2018-10-16,0.1500689003262407,0.9743589743589743,-1.0,2018-10-22,0.4033490344285897,-0.4033490344285897
2018-10-23,0.1545639049197153,0.9871794871794872,-1.0,2018-10-29,0.2906585065612184,-0.2906585065612184
2018-10-30,0.1497410879433351,0.9615384615384616,-1.0,2018-11-05,0.13648290126824136,-0.13648290126824136
2018-11-06,0.1617354294858047,1.0,-1.0,2018-11-12,0.0016229102248843663,-0.0016229102248843663
2018-11-13,0.1836086128229282,1.0,-1.0,2018-11-19,-0.3184952382893489,0.3184952382893489
2018-11-20,0.1771751616128056,0.9935897435897436,-1.0,2018-11-26,-0.26774255830033833,0.26774255830033833
2018-11-27,0.1867310610984852,1.0,-1.0,2018-12-03,-0.317392481537353,0.317392481537353
2018-12-04,0.1807004167619071,0.9871794871794872,-1.0,2018-12-10,-0.35062039022650726,0.35062039022650726
2018-12-11,0.1728378529706347,0.9743589743589743,-1.0,2018-12-17,0.02846997193495926,-0.02846997193495926
2018-12-18,0.1697846564765631,0.967948717948718,-1.0,2018-12-24,-0.042067514769488445,0.042067514769488445
2018-12-24,0.1539694306073489,0.9358974358974359,-1.0,2018-12-31,-0.009912931463297303,0.009912931463297303
2018-12-31,0.1563709410796128,0.9487179487179487,-1.0,2019-01-07,-0.08091638683249203,0.08091638683249203
2019-01-08,0.1451712824164147,0.8974358974358975,0.0,2019-01-14,-0.2698582101565703,-0.0
2019-01-15,0.1555991809969401,0.9423076923076923,-1.0,2019-01-22,-0.12281979912668306,0.12281979912668306
2019-01-22,0.1583116962618008,0.9551282051282052,-1.0,2019-01-28,-0.006326954569386478,0.006326954569386478
2019-01-29,0.1494251599651254,0.8846153846153846,0.0,2019-02-04,0.09398446335861732,0.0
2019-02-05,0.1323476505179522,0.8205128205128205,0.0,2019-02-11,0.06548489992996331,0.0
2019-02-12,0.1197959748527144,0.7435897435897436,0.0,2019-02-19,0.08975949228663072,0.0
2019-02-19,0.1054389411217224,0.6602564102564102,0.0,2019-02-25,-0.01584473524779728,-0.0
2019-02-26,0.0944155658025387,0.5897435897435898,0.0,2019-03-04,-0.0432902348259685,-0.0
2019-03-05,0.1214967323464884,0.7435897435897436,0.0,2019-03-11,-0.013087180351262662,-0.0
2019-03-12,0.1314868250018647,0.8076923076923077,0.0,2019-03-18,-0.0853895250589447,-0.0
2019-03-19,0.1386043620901625,0.8525641025641025,0.0,2019-03-25,-0.10501916078753659,-0.0
2019-03-26,0.1307740188548642,0.7948717948717948,0.0,2019-04-01,-0.08130117764755651,-0.0
2019-04-02,0.1119575100348169,0.6602564102564102,0.0,2019-04-08,-0.09616847297025055,-0.0
2019-04-09,0.090616337844448,0.5448717948717948,0.0,2019-04-15,-0.004648156095650169,-0.0
2019-04-16,0.0575185977615553,0.33974358974358976,0.0,2019-04-22,0.02641616117277623,0.0
2019-04-23,0.0323227135046394,0.23717948717948717,0.0,2019-04-29,-0.004251182474103832,-0.0
2019-04-30,0.0097265102925758,0.15384615384615385,0.0,2019-05-06,-0.030083552400547386,-0.0
2019-05-07,0.0104025470478832,0.15384615384615385,0.0,2019-05-13,-0.074855859514801,-0.0
2019-05-14,0.0083338469229136,0.1346153846153846,0.0,2019-05-20,-0.12454378414961065,-0.0
2019-05-21,-0.0012607017957724,0.12179487179487179,0.0,2019-05-28,-0.09853478237772828,-0.0
2019-05-28,-0.0263757901143019,0.10256410256410256,0.0,2019-06-03,-0.06516905275983387,-0.0
2019-06-04,-0.0576088503265681,0.01282051282051282,1.0,2019-06-10,0.021533431583110385,0.021533431583110385
2019-06-11,-0.0889532770893791,0.00641025641025641,1.0,2019-06-17,-0.04101227138093266,-0.04101227138093266
2019-06-18,-0.1110936716391584,0.00641025641025641,1.0,2019-06-24,-0.008211908485217023,-0.008211908485217023
2019-06-25,-0.1294066685489079,0.00641025641025641,1.0,2019-07-01,-0.04419116334251294,-0.04419116334251294
2019-07-02,-0.1286489386159859,0.01282051282051282,1.0,2019-07-08,-0.13430625523895623,-0.13430625523895623
2019-07-09,-0.1174027611364368,0.019230769230769232,1.0,2019-07-15,-0.11961787317696215,-0.11961787317696215
2019-07-16,-0.1119807289899871,0.02564102564102564,1.0,2019-07-22,-0.030257258788098707,-0.030257258788098707
2019-07-23,-0.1405292206999291,0.00641025641025641,1.0,2019-07-29,0.04259857841658299,0.04259857841658299
2019-07-30,-0.1665043019209686,0.00641025641025641,1.0,2019-08-05,0.08846275808038806,0.08846275808038806
2019-08-06,-0.161088459312555,0.01282051282051282,1.0,2019-08-12,0.16167140717291018,0.16167140717291018
2019-08-13,-0.1719150349021523,0.00641025641025641,1.0,2019-08-19,0.14653410283462165,0.14653410283462165
2019-08-20,-0.1527182416417188,0.02564102564102564,1.0,2019-08-26,0.07368594081281588,0.07368594081281588
2019-08-27,-0.1627103791136355,0.019230769230769232,1.0,2019-09-03,0.007632959581648002,0.007632959581648002
2019-09-03,-0.13325395436597,0.04487179487179487,1.0,2019-09-09,-0.07555649899615524,-0.07555649899615524
2019-09-10,-0.0770478104056005,0.08974358974358974,1.0,2019-09-16,-0.12205801222396007,-0.12205801222396007
2019-09-17,-0.0482745010371091,0.10256410256410256,0.0,2019-09-23,-0.08149382191353727,-0.0
2019-09-24,-0.0653430551880312,0.09615384615384616,1.0,2019-09-30,0.048585842980257254,0.048585842980257254
2019-10-01,-0.1020362130998382,0.08333333333333333,1.0,2019-10-07,0.10742006967385409,0.10742006967385409
2019-10-08,-0.1371908037120551,0.04487179487179487,1.0,2019-10-14,0.05000772051767344,0.05000772051767344
2019-10-15,-0.1558802233189154,0.03205128205128205,1.0,2019-10-21,0.04130689959566114,0.04130689959566114
2019-10-22,-0.1720482376884862,0.00641025641025641,1.0,2019-10-28,-0.06129842445200673,-0.06129842445200673
2019-10-29,-0.148657695130095,0.05128205128205128,1.0,2019-11-04,-0.157156142710976,-0.157156142710976
2019-11-05,-0.0821584125237188,0.12179487179487179,0.0,2019-11-11,-0.16498126650691347,-0.0
2019-11-12,-0.0743287022238655,0.1346153846153846,0.0,2019-11-18,-0.11368466019846046,-0.0
2019-11-19,-0.1157292164094435,0.09615384615384616,1.0,2019-11-25,-0.1654385318566831,-0.1654385318566831
2019-11-26,-0.1484901831102811,0.057692307692307696,1.0,2019-12-02,-0.013770680249091338,-0.013770680249091338
2019-12-03,-0.175129311335719,0.00641025641025641,1.0,2019-12-09,0.0065984699554495485,0.0065984699554495485
2019-12-10,-0.1880654568722332,0.00641025641025641,1.0,2019-12-16,-0.05093864788578184,-0.05093864788578184
2019-12-17,-0.1825839013158897,0.01282051282051282,1.0,2019-12-23,-0.09113197523473282,-0.09113197523473282
2019-12-24,-0.1933916301723015,0.00641025641025641,1.0,2019-12-30,-0.12248303456764598,-0.12248303456764598
2019-12-31,-0.1877187955017193,0.019230769230769232,1.0,2020-01-06,-0.07563823776823586,-0.07563823776823586
2020-01-07,-0.1871900340990374,0.02564102564102564,1.0,2020-01-13,-0.14332314415635228,-0.14332314415635228
2020-01-14,-0.1855898813337495,0.03205128205128205,1.0,2020-01-21,0.0869924245174909,0.0869924245174909
2020-01-21,-0.196229909193611,0.00641025641025641,1.0,2020-01-27,0.026477802313835674,0.026477802313835674
2020-01-28,-0.2023974502527025,0.00641025641025641,1.0,2020-02-03,0.04230446067842086,0.04230446067842086
2020-02-04,-0.2067103335242969,0.00641025641025641,1.0,2020-02-10,0.14471158784230242,0.14471158784230242
2020-02-11,-0.2245590745306277,0.00641025641025641,1.0,2020-02-18,-0.08325382510301349,-0.08325382510301349
2020-02-18,-0.2029202594988197,0.019230769230769232,1.0,2020-02-24,-0.07861771699710962,-0.07861771699710962
2020-02-25,-0.2205134877451032,0.01282051282051282,1.0,2020-03-02,-0.07017324227534738,-0.07017324227534738
2020-03-03,-0.201121451306224,0.038461538461538464,1.0,2020-03-09,-0.0586531761005622,-0.0586531761005622
2020-03-10,-0.1678853170453365,0.10897435897435898,0.0,2020-03-16,-0.1271735117398558,-0.0
2020-03-17,-0.0981875709844669,0.22435897435897437,0.0,2020-03-23,0.09626965633251894,0.0
2020-03-24,-0.0705570000875722,0.2564102564102564,0.0,2020-03-30,0.07355833988845228,0.0
2020-03-31,-0.0570170747498961,0.27564102564102566,0.0,2020-04-06,0.18218233369278947,0.0
2020-04-07,-0.0340242023983417,0.3076923076923077,0.0,2020-04-13,0.030364006288001733,0.0
2020-04-14,-0.0283378848680272,0.3141025641025641,0.0,2020-04-20,-0.10322563386929673,-0.0
2020-04-21,0.00051773548837,0.33974358974358976,0.0,2020-04-27,-0.041513320973003864,-0.0
2020-04-28,0.0124538486665192,0.3782051282051282,0.0,2020-05-04,-0.13349963963031097,-0.0
2020-05-05,0.0426165763524624,0.46794871794871795,0.0,2020-05-11,-0.051629702276647205,-0.0
2020-05-12,-0.0039599329182095,0.3333333333333333,0.0,2020-05-18,-0.11836689215105833,-0.0
2020-05-19,0.0092081700777146,0.3717948717948718,0.0,2020-05-26,-0.10981001256787781,-0.0
2020-05-26,-0.0057346425232747,0.3333333333333333,0.0,2020-06-01,-0.17984438893481913,-0.0
2020-06-02,-0.0092635756750221,0.3333333333333333,0.0,2020-06-08,-0.09503082496572679,-0.0
2020-06-09,-0.0106750217809618,0.3269230769230769,0.0,2020-06-15,-0.09741305222256758,-0.0
2020-06-16,-0.0466014655641622,0.28846153846153844,0.0,2020-06-22,-0.1359271029640725,-0.0
2020-06-23,-0.0237080435336223,0.3333333333333333,0.0,2020-06-29,0.05187823929998636,0.0
2020-06-30,-0.0048456001434157,0.36538461538461536,0.0,2020-07-06,0.12211473623630731,0.0
2020-07-07,0.0166780982085159,0.44871794871794873,0.0,2020-07-13,0.19756932952600836,0.0
2020-07-14,0.0290301999979696,0.46794871794871795,0.0,2020-07-20,0.3384349211147675,0.0
2020-07-21,0.0182079948400571,0.4551282051282051,0.0,2020-07-27,0.35506367454466803,0.0
2020-07-28,0.0328745981903165,0.5128205128205128,0.0,2020-08-03,0.1479405005243275,0.0
2020-08-04,0.0766428418163692,0.6410256410256411,0.0,2020-08-10,0.03197657094156936,0.0
2020-08-11,0.099582879985718,0.7243589743589743,0.0,2020-08-17,-0.06684470269024079,-0.0
2020-08-18,0.0984783372351348,0.717948717948718,0.0,2020-08-24,-0.39160782768757674,-0.0
2020-08-25,0.1086829569405582,0.7692307692307693,0.0,2020-08-31,-0.20664548813749484,-0.0
2020-09-01,0.1048268874143832,0.75,0.0,2020-09-08,-0.1312693312391211,-0.0
2020-09-08,0.095592028306342,0.6923076923076923,0.0,2020-09-14,0.040830522801137636,0.0
2020-09-15,0.0971478014053062,0.7051282051282052,0.0,2020-09-21,0.24072818350528902,0.0
2020-09-22,0.0779433872979683,0.6346153846153846,0.0,2020-09-28,0.16618258531090424,0.0
2020-09-29,0.0891776863621482,0.6602564102564102,0.0,2020-10-05,0.12624320187353089,0.0
2020-10-06,0.0995171044778226,0.7115384615384616,0.0,2020-10-12,-0.09696538894918438,-0.0
2020-10-13,0.1115975195330695,0.7756410256410257,0.0,2020-10-19,-0.12499190012574246,-0.0
2020-10-20,0.1265921020721065,0.8333333333333334,0.0,2020-10-26,-0.19856269740820132,-0.0
2020-10-27,0.105227022519908,0.7371794871794872,0.0,2020-11-02,-0.10054615638226583,-0.0
2020-11-03,0.090159105797992,0.6346153846153846,0.0,2020-11-09,-0.1569493145070271,-0.0
2020-11-10,0.08199688481917,0.5961538461538461,0.0,2020-11-16,0.012893334694562775,0.0
2020-11-17,0.0656517859772312,0.5448717948717948,0.0,2020-11-23,0.04360399261008485,0.0
2020-11-24,0.053246253942406,0.5064102564102564,0.0,2020-11-30,-0.2234037815777814,-0.0
2020-12-01,0.0646379377758379,0.5384615384615384,0.0,2020-12-07,0.0716817522845945,0.0
2020-12-08,0.0255922698991167,0.4358974358974359,0.0,2020-12-14,-0.032873563907665826,-0.0
2020-12-15,0.0391233963163905,0.47435897435897434,0.0,2020-12-21,-0.13193058445160988,-0.0
2020-12-21,0.0368990183823498,0.46794871794871795,0.0,2020-12-28,0.09222757677283999,0.0
2020-12-29,0.0257369831052656,0.4230769230769231,0.0,2021-01-04,0.09437855015308116,0.0
2021-01-05,0.037339227431638,0.46794871794871795,0.0,2021-01-11,0.028524979147782847,0.0
2021-01-12,0.0664502350787751,0.5576923076923077,0.0,2021-01-19,0.23153971007490215,0.0
2021-01-19,0.0503785928106011,0.4935897435897436,0.0,2021-01-25,0.09815504237290806,0.0
2021-01-26,0.0529852783109575,0.5064102564102564,0.0,2021-02-01,0.03220471524522095,0.0
2021-02-02,0.0930376287205529,0.6666666666666666,0.0,2021-02-08,-0.04333498595162588,-0.0
2021-02-09,0.0920458935864885,0.6602564102564102,0.0,2021-02-16,-0.16385342733316977,-0.0
2021-02-16,0.0920848077710496,0.6602564102564102,0.0,2021-02-22,-0.09818552366586353,-0.0
2021-02-23,0.0831882375701296,0.6089743589743589,0.0,2021-03-01,-0.08253652474105033,-0.0
2021-03-02,0.0795753062982182,0.5961538461538461,0.0,2021-03-08,-0.10677871830809238,-0.0
2021-03-09,0.0456675094292701,0.48717948717948717,0.0,2021-03-15,0.027438398957917,0.0
2021-03-16,-0.0029957697052685,0.3525641025641026,0.0,2021-03-22,0.029153804563263108,0.0
2021-03-23,0.0045561706974649,0.3717948717948718,0.0,2021-03-29,0.09103808221291931,0.0
2021-03-30,0.0157639514525504,0.41025641025641024,0.0,2021-04-05,0.15339330132858908,0.0
2021-04-06,-0.0001294792230918,0.36538461538461536,0.0,2021-04-12,0.12214698580026928,0.0
2021-04-13,0.0152563614947564,0.4166666666666667,0.0,2021-04-19,0.10992396321508924,0.0
2021-04-20,0.0338504507564141,0.4935897435897436,0.0,2021-04-26,0.020689927889219195,0.0
2021-04-27,0.0291535560888412,0.47435897435897434,0.0,2021-05-03,0.04480731300914442,0.0
2021-05-04,0.0422380612852484,0.5256410256410257,0.0,2021-05-10,0.06403902395555638,0.0
2021-05-11,0.0448169565548544,0.5384615384615384,0.0,2021-05-17,0.040602164018248565,0.0
2021-05-18,0.049146602084758,0.5576923076923077,0.0,2021-05-24,0.12057199855104317,0.0
2021-05-25,0.0217676924285809,0.44871794871794873,0.0,2021-06-01,0.11892784070790263,0.0
2021-06-01,0.0326074428823699,0.5,0.0,2021-06-07,0.13186844194641756,0.0
2021-06-08,0.0416762938774094,0.5384615384615384,0.0,2021-06-14,0.060080791284384816,0.0
2021-06-15,0.0459230288839173,0.5705128205128205,0.0,2021-06-21,0.1568561255355121,0.0
2021-06-22,0.0396025250118369,0.5384615384615384,0.0,2021-06-28,0.08978526129858544,0.0
2021-06-29,0.0686272383398112,0.6602564102564102,0.0,2021-07-06,0.07994377996070146,0.0
2021-07-06,0.0716040154889075,0.6602564102564102,0.0,2021-07-12,0.05777510191896029,0.0
2021-07-13,0.0654850802506857,0.6346153846153846,0.0,2021-07-19,0.021324296245050167,0.0
2021-07-20,0.0615016741044456,0.6153846153846154,0.0,2021-07-26,-0.060944480446111005,-0.0
2021-07-27,0.0524506672122955,0.5897435897435898,0.0,2021-08-02,0.06135686308160615,0.0
2021-08-03,0.0535317473144717,0.6089743589743589,0.0,2021-08-09,0.08938311016469092,0.0
2021-08-10,0.0617159894148448,0.6282051282051282,0.0,2021-08-16,0.2589192699327494,0.0
2021-08-17,0.0328077292773945,0.48717948717948717,0.0,2021-08-23,0.16869870172557366,0.0
2021-08-24,0.0221123565797121,0.44871794871794873,0.0,2021-08-30,0.2817411287133842,0.0
2021-08-31,0.0502520588760433,0.5897435897435898,0.0,2021-09-07,0.36433779196679983,0.0
2021-09-07,0.0593998186639761,0.6346153846153846,0.0,2021-09-13,0.06251972877879486,0.0
2021-09-14,0.0550309593733848,0.6217948717948718,0.0,2021-09-20,0.04176270506636737,0.0
2021-09-21,0.029467841984982,0.4807692307692308,0.0,2021-09-27,0.07405572130863392,0.0
2021-09-28,0.0227670277814652,0.4551282051282051,0.0,2021-10-04,-0.08886872125021728,-0.0
2021-10-05,0.0242702580208427,0.46153846153846156,0.0,2021-10-11,0.03237217842592188,0.0
2021-10-12,0.0212096905531262,0.4423076923076923,0.0,2021-10-18,0.022743907644654948,0.0
2021-10-19,0.0034903352147671,0.3782051282051282,0.0,2021-10-25,-0.19114446162985033,-0.0
2021-10-26,-0.0037930286403385,0.3525641025641026,0.0,2021-11-01,-0.08396304243565966,-0.0
2021-11-02,-0.0109348995878402,0.32051282051282054,0.0,2021-11-08,-0.33775076605015264,-0.0
2021-11-09,-0.018810786965023,0.32051282051282054,0.0,2021-11-15,-0.24873356614868225,-0.0
2021-11-16,-0.0071811282577931,0.34615384615384615,0.0,2021-11-22,-0.17018245897702156,-0.0
2021-11-23,-0.0014474118729931,0.38461538461538464,0.0,2021-11-29,-0.17985248093159312,-0.0
2021-11-30,-0.0056233704156065,0.358974358974359,0.0,2021-12-06,0.1461829468754039,0.0
2021-12-07,-0.0362583421392703,0.2948717948717949,0.0,2021-12-13,0.2431720407140443,0.0
2021-12-14,-0.0289869521869175,0.3076923076923077,0.0,2021-12-20,0.1800150551338655,0.0
2021-12-21,-0.0344237347612601,0.30128205128205127,0.0,2021-12-27,0.12818359194585538,0.0
2021-12-28,-0.0192628397920996,0.33974358974358976,0.0,2022-01-03,0.13816743225128159,0.0
2022-01-04,-0.0180045561673792,0.3525641025641026,0.0,2022-01-10,-0.04065053629933568,-0.0
2022-01-11,0.0130261437793499,0.4935897435897436,0.0,2022-01-18,-0.07589123883237137,-0.0
2022-01-18,0.0139173511873197,0.5,0.0,2022-01-24,0.029364221247075273,0.0
2022-01-25,0.008868484387754,0.46794871794871795,0.0,2022-01-31,-0.030090020734285128,-0.0
2022-02-01,0.0411510707224635,0.6602564102564102,0.0,2022-02-07,0.10104030736283875,0.0
2022-02-08,0.0309100882414673,0.6025641025641025,0.0,2022-02-14,0.11883757111377147,0.0
2022-02-15,-0.0062161859428231,0.38461538461538464,0.0,2022-02-22,0.1761780853003425,0.0
2022-02-22,-0.0006196296132373,0.4423076923076923,0.0,2022-02-28,0.22414259032821748,0.0
2022-03-01,-0.0018682065217391,0.42948717948717946,0.0,2022-03-07,0.14964427782818457,0.0
2022-03-08,-0.0138591503638153,0.358974358974359,0.0,2022-03-14,0.3375200200487378,0.0
2022-03-15,-0.0120379110151411,0.36538461538461536,0.0,2022-03-21,0.3640494188963421,0.0
2022-03-22,-0.0054528238627362,0.4166666666666667,0.0,2022-03-28,0.2005895784248164,0.0
2022-03-29,0.0005723682417392,0.48717948717948717,0.0,2022-04-04,0.3255736095331152,0.0
2022-04-05,0.0138540722627862,0.5512820512820513,0.0,2022-04-11,0.10035512890801379,0.0
2022-04-12,0.0220826628676458,0.6025641025641025,0.0,2022-04-18,0.011709635348425174,0.0
2022-04-19,0.0192247346481394,0.5897435897435898,0.0,2022-04-25,0.26536572421505333,0.0
2022-04-26,0.0231190104110918,0.6217948717948718,0.0,2022-05-02,0.10636824499363273,0.0
2022-05-03,0.0180353661846986,0.5705128205128205,0.0,2022-05-09,0.3001719485388208,0.0
2022-05-10,0.0110505561364462,0.5192307692307693,0.0,2022-05-16,-0.08084619099269408,-0.0
2022-05-17,0.0077314633093023,0.5,0.0,2022-05-23,-0.2224239222357831,-0.0
2022-05-24,0.0083575922621842,0.5,0.0,2022-05-31,-0.22544829818241485,-0.0
2022-05-31,-0.005031299991486,0.41025641025641024,0.0,2022-06-06,-0.5253509444407518,-0.0
2022-06-07,-0.0053186442511556,0.40384615384615385,0.0,2022-06-13,-0.2518822455589431,-0.0
2022-06-14,-0.0244810185470892,0.3076923076923077,0.0,2022-06-21,0.1626792916388844,0.0
2022-06-21,-0.034230836754865,0.28205128205128205,0.0,2022-06-27,0.3249520407707802,0.0
2022-06-28,-0.0497185494158381,0.25,0.0,2022-07-05,0.43347179321571594,0.0
2022-07-05,-0.0522553802683765,0.24358974358974358,0.0,2022-07-11,0.26674129539643787,0.0
2022-07-12,-0.0699047878465214,0.22435897435897437,0.0,2022-07-18,0.25483082165464443,0.0
2022-07-19,-0.054810269320536,0.23717948717948717,0.0,2022-07-25,0.20403395194662854,0.0
2022-07-26,-0.0565490520690976,0.23076923076923078,0.0,2022-08-01,0.11537892853000198,0.0
2022-08-02,-0.063063063063063,0.21794871794871795,0.0,2022-08-08,0.09840821878018513,0.0
2022-08-09,-0.067343453158165,0.20512820512820512,0.0,2022-08-15,-0.0245064406640485,-0.0
2022-08-16,-0.0518953490736786,0.24358974358974358,0.0,2022-08-22,-0.1989324637476204,-0.0
2022-08-23,-0.0565480183918312,0.22435897435897437,0.0,2022-08-29,-0.307113145878265,-0.0
2022-08-30,-0.0530197235414723,0.23076923076923078,0.0,2022-09-06,-0.20803424117473623,-0.0
2022-09-06,-0.0726070998393324,0.16666666666666666,0.0,2022-09-12,-0.2813190659315632,-0.0
2022-09-13,-0.0800570249591655,0.16025641025641027,0.0,2022-09-19,-0.2893370213641375,-0.0
2022-09-20,-0.0857893267904973,0.15384615384615385,0.0,2022-09-26,-0.31646877160995057,-0.0
2022-09-27,-0.0975169654414937,0.14743589743589744,0.0,2022-10-03,-0.031751938145491154,-0.0
2022-10-04,-0.1018533262470453,0.1346153846153846,0.0,2022-10-10,0.06230834198827129,0.0
2022-10-11,-0.0963756634389225,0.14743589743589744,0.0,2022-10-17,-0.024880568391507873,-0.0
2022-10-18,-0.0907560967511662,0.14743589743589744,0.0,2022-10-24,0.2511029143685346,0.0
2022-10-25,-0.087558401107458,0.14743589743589744,0.0,2022-10-31,0.10009097258623001,0.0
2022-11-01,-0.0768104360947393,0.16666666666666666,0.0,2022-11-07,-0.26837968290185166,-0.0
2022-11-08,-0.0723033678134248,0.1794871794871795,0.0,2022-11-14,0.1264535451427562,0.0
2022-11-15,-0.0687175818279377,0.19230769230769232,0.0,2022-11-21,-0.2703839315347978,-0.0
2022-11-22,-0.0720222763378075,0.17307692307692307,0.0,2022-11-28,-0.3146255523849484,-0.0
2022-11-29,-0.0638704175592125,0.1987179487179487,0.0,2022-12-05,-0.1430539804613149,-0.0
2022-12-06,-0.0711810933230675,0.16666666666666666,0.0,2022-12-12,-0.4374323663150159,-0.0
2022-12-13,-0.0481529820238899,0.2564102564102564,0.0,2022-12-19,-0.43309313833802543,-0.0
2022-12-20,-0.0551733684405504,0.21794871794871795,0.0,2022-12-27,-0.4373341017680048,-0.0
2022-12-27,-0.0629616438627212,0.19230769230769232,0.0,2023-01-03,-0.38480933011659313,-0.0
2023-01-03,-0.0728920791867972,0.12179487179487179,0.0,2023-01-09,-0.31912634604432943,-0.0
2023-01-10,-0.0817602248160943,0.10256410256410256,0.0,2023-01-17,-0.23922707672700638,-0.0
2023-01-17,-0.0808474786088698,0.10256410256410256,0.0,2023-01-23,-0.41343506273780295,-0.0
2023-01-24,-0.0743235155428198,0.11538461538461539,0.0,2023-01-30,-0.13987762331046838,-0.0
2023-01-31,-0.072812718832764,0.12179487179487179,0.0,2023-02-06,-0.07620599855307963,-0.0
2023-02-07,-0.0580657427196559,0.19230769230769232,0.0,2023-02-13,-0.09816761730080792,-0.0
2023-02-14,-0.0549594804820393,0.21794871794871795,0.0,2023-02-21,-0.04112312943284069,-0.0
2023-02-21,-0.0608757789099746,0.1794871794871795,0.0,2023-02-27,-0.2684611245978732,-0.0
2023-02-28,-0.0284451679677447,0.2948717948717949,0.0,2023-03-06,-0.2399806797500692,-0.0
2023-03-07,-0.0274535967099521,0.30128205128205127,0.0,2023-03-13,-0.21154757814989678,-0.0
2023-03-14,-0.0147371825304525,0.3333333333333333,0.0,2023-03-20,0.026538522233912065,0.0
2023-03-21,-0.0024130247218123,0.4358974358974359,0.0,2023-03-27,0.06393668752677861,0.0
2023-03-28,0.0012398567832517,0.47435897435897434,0.0,2023-04-03,0.03370034154609458,0.0
2023-04-04,-0.0088858394793417,0.3525641025641026,0.0,2023-04-10,0.009341411658993604,0.0
2023-04-11,-0.0081568402976531,0.3525641025641026,0.0,2023-04-17,0.02242455289063594,0.0
2023-04-18,-0.0148247826547563,0.3076923076923077,0.0,2023-04-24,0.033775441107484205,0.0
2023-04-25,-0.0309940244920504,0.2564102564102564,0.0,2023-05-01,-0.060921294058193354,-0.0
2023-05-02,-0.0394265125198553,0.23717948717948717,0.0,2023-05-08,-0.05412951551675338,-0.0
2023-05-09,-0.0402311637906264,0.23717948717948717,0.0,2023-05-15,-0.07964290271837182,-0.0
2023-05-16,-0.0317360613900614,0.2692307692307692,0.0,2023-05-22,0.014091752867659846,0.0
2023-05-23,-0.0245782257847674,0.30128205128205127,0.0,2023-05-30,0.17173720756568933,0.0
2023-05-30,-0.0333086673296574,0.2692307692307692,0.0,2023-06-05,0.19118720541937995,0.0
2023-06-06,-0.0484104919618034,0.22435897435897437,0.0,2023-06-12,0.17242280940594767,0.0
2023-06-13,-0.0436929372162227,0.23717948717948717,0.0,2023-06-20,0.06627393963181616,0.0
2023-06-20,-0.0242321400351959,0.3269230769230769,0.0,2023-06-26,0.0005966857189165786,0.0
2023-06-27,-0.0173318257710361,0.3525641025641026,0.0,2023-07-03,-0.0463893831293265,-0.0
2023-07-03,0.0001135797019378,0.48717948717948717,0.0,2023-07-10,0.03094754095368213,0.0
2023-07-11,0.0092464274799038,0.5384615384615384,0.0,2023-07-17,0.11693583655917372,0.0
2023-07-18,-0.0124799885926876,0.3782051282051282,0.0,2023-07-24,-0.009753720110968978,-0.0
2023-07-25,0.0029899514016925,0.5128205128205128,0.0,2023-07-31,-0.021101901797186073,-0.0
2023-08-01,-0.0140039464084366,0.3717948717948718,0.0,2023-08-07,-0.13469219436098,-0.0
2023-08-08,0.0120585287022903,0.5705128205128205,0.0,2023-08-14,-0.09956801113839209,-0.0
2023-08-15,0.0084336245838615,0.5512820512820513,0.0,2023-08-21,-0.0019150912217602567,-0.0
2023-08-22,-0.0156394743123637,0.358974358974359,0.0,2023-08-28,-0.051368632182516194,-0.0
2023-08-29,-0.0304113967555677,0.2948717948717949,0.0,2023-09-05,0.029614189777876554,0.0
2023-09-05,-0.0274107161939772,0.32051282051282054,0.0,2023-09-11,0.15482029495990002,0.0
2023-09-12,-0.0233104927940929,0.34615384615384615,0.0,2023-09-18,0.02744480705166019,0.0
2023-09-19,-0.0284086077118127,0.3141025641025641,0.0,2023-09-25,-5.129226184408253e-05,-0.0
2023-09-26,-0.0492026712722682,0.22435897435897437,0.0,2023-10-02,0.12371224121012947,0.0
2023-10-03,-0.0349450691680588,0.2692307692307692,0.0,2023-10-09,-0.07577905575202282,-0.0
2023-10-10,0.0224335096720764,0.6987179487179487,0.0,2023-10-16,-0.01412916110670448,-0.0
2023-10-17,-0.0048110477289435,0.5,0.0,2023-10-23,-0.05719277491473029,-0.0
2023-10-24,-0.0185108753972512,0.38461538461538464,0.0,2023-10-30,-0.18208295330101176,-0.0
2023-10-31,0.0129504105754801,0.6410256410256411,0.0,2023-11-06,-0.1954990433410737,-0.0
2023-11-07,-0.0293468503975007,0.3141025641025641,0.0,2023-11-13,-0.2774828905008597,-0.0
2023-11-14,-0.0543609386762763,0.1987179487179487,0.0,2023-11-20,-0.14456717120726825,-0.0
2023-11-21,-0.0784246263215457,0.0641025641025641,1.0,2023-11-27,-0.09495359332984687,-0.09495359332984687
2023-11-28,-0.0797855119230719,0.0641025641025641,1.0,2023-12-04,-0.012439283747866625,-0.012439283747866625
2023-12-05,-0.0914213314698012,0.02564102564102564,1.0,2023-12-11,0.22048450699668987,0.22048450699668987
2023-12-12,-0.0882159306018255,0.038461538461538464,1.0,2023-12-18,0.07190870797164717,0.07190870797164717
2023-12-19,-0.087880404455741,0.04487179487179487,1.0,2023-12-26,0.00546030113518059,0.00546030113518059
2023-12-26,-0.0775064409682491,0.09615384615384616,1.0,2024-01-02,0.06557171567004705,0.06557171567004705
2024-01-02,-0.0561884219923015,0.21794871794871795,0.0,2024-01-08,-0.12752435712108356,-0.0
2024-01-09,-0.0313123911209416,0.3525641025641026,0.0,2024-01-16,-0.27381229320739875,-0.0
2024-01-16,-0.0046371314799982,0.5769230769230769,0.0,2024-01-22,-0.1617023862328817,-0.0
2024-01-23,-0.0262662619134008,0.41025641025641024,0.0,2024-01-29,-0.22470946328259167,-0.0
2024-01-30,-0.047914570320701,0.2948717948717949,0.0,2024-02-05,-0.18962906231578325,-0.0
2024-02-06,-0.0631013782410255,0.1794871794871795,0.0,2024-02-12,-0.15873193666894414,-0.0
2024-02-13,-0.0837578656721124,0.0641025641025641,1.0,2024-02-20,-0.02642145533986673,-0.02642145533986673
2024-02-20,-0.1009312635796189,0.01282051282051282,1.0,2024-02-26,-0.15459285326096994,-0.15459285326096994
2024-02-27,-0.0809177536941611,0.08333333333333333,1.0,2024-03-04,-0.14135011867362612,-0.14135011867362612
2024-03-05,-0.069521175334259,0.1794871794871795,0.0,2024-03-11,-0.05049967427381441,-0.0
2024-03-12,-0.0621745844331972,0.22435897435897437,0.0,2024-03-18,-0.09587617306884821,-0.0
2024-03-19,-0.0554321494520915,0.26282051282051283,0.0,2024-03-25,0.0023346576868332747,0.0
2024-03-26,-0.055771588923804,0.26282051282051283,0.0,2024-04-01,-0.11465782056440554,-0.0
2024-04-02,-0.0526303542420432,0.3076923076923077,0.0,2024-04-08,-0.04031488573669373,-0.0
2024-04-09,-0.0571254382937269,0.24358974358974358,0.0,2024-04-15,0.12764073769287654,0.0
2024-04-16,-0.0732622537682027,0.1346153846153846,0.0,2024-04-22,0.21463054118253488,0.0
2024-04-23,-0.0576890547441021,0.25,0.0,2024-04-29,0.24362206361219663,0.0
2024-04-30,-0.0665610325552703,0.20512820512820512,0.0,2024-05-06,0.1709042767742912,0.0
2024-05-07,-0.0359125264717796,0.41025641025641024,0.0,2024-05-13,0.28016688891471064,0.0
2024-05-14,-0.0071660015910075,0.6410256410256411,0.0,2024-05-20,0.06281892219359575,0.0
2024-05-21,0.0108297232077262,0.7884615384615384,0.0,2024-05-28,0.06909655161946304,0.0
2024-05-28,0.0287723312540663,0.8910256410256411,0.0,2024-06-03,-0.09773397361427882,-0.0
2024-06-04,0.0110381633146743,0.7948717948717948,0.0,2024-06-10,-0.19523887937001883,-0.0
2024-06-11,0.0291638860413757,0.9038461538461539,-1.0,2024-06-17,-0.28872900841032934,0.28872900841032934
2024-06-18,0.0272597417004935,0.8974358974358975,0.0,2024-06-24,-0.2249099106082051,-0.0
2024-06-25,0.0236206133365889,0.8910256410256411,0.0,2024-07-01,-0.21130904273032147,-0.0
2024-07-02,0.0013236280532261,0.7435897435897436,0.0,2024-07-08,-0.25558188824864736,-0.0
2024-07-09,-0.0230187622875955,0.5384615384615384,0.0,2024-07-15,-0.043836629795908966,-0.0
2024-07-16,-0.0377249623411058,0.40384615384615385,0.0,2024-07-22,-0.0652328839674583,-0.0
2024-07-23,-0.0375181194165776,0.41025641025641024,0.0,2024-07-29,-0.08334068932976146,-0.0
2024-07-30,-0.0348004576916292,0.4358974358974359,0.0,2024-08-05,0.01065565671518831,0.0
2024-08-06,-0.0333310653567842,0.4551282051282051,0.0,2024-08-12,-0.09599273013634946,-0.0
2024-08-13,-0.0402530732666776,0.391025641025641,0.0,2024-08-19,-0.07639744922234604,-0.0
2024-08-20,-0.0263598114259644,0.5384615384615384,0.0,2024-08-26,0.15013787281913693,0.0
2024-08-27,-0.046694402598318,0.38461538461538464,0.0,2024-09-03,0.17775214574413845,0.0
2024-09-03,-0.045273555538586,0.391025641025641,0.0,2024-09-09,0.13965992521193016,0.0
2024-09-10,-0.0328384937723652,0.48717948717948717,0.0,2024-09-16,-0.04602530581300446,-0.0
2024-09-17,-0.0241846243921479,0.5897435897435898,0.0,2024-09-23,-0.21814418611310193,-0.0
2024-09-24,-0.008222472664172,0.6987179487179487,0.0,2024-09-30,-0.23579598242744293,-0.0
2024-10-01,-0.0088228412516963,0.6987179487179487,0.0,2024-10-07,-0.19608332785183036,-0.0
2024-10-08,-0.013185052624907,0.6730769230769231,0.0,2024-10-14,-0.05105272867840149,-0.0
2024-10-15,-0.0518477268085139,0.3525641025641026,0.0,2024-10-21,0.0427100535578715,0.0
2024-10-22,-0.0805146880015563,0.09615384615384616,1.0,2024-10-28,0.16905287433457117,0.16905287433457117
2024-10-29,-0.0797621670290514,0.11538461538461539,0.0,2024-11-04,0.1581564073115138,0.0
2024-11-05,-0.0824889097476329,0.07692307692307693,1.0,2024-11-11,0.14838906987736866,0.14838906987736866
2024-11-12,-0.0779625437752898,0.1346153846153846,0.0,2024-11-18,0.1752239771810462,0.0
2024-11-19,-0.071913438233596,0.1987179487179487,0.0,2024-11-25,0.22653821495914572,0.0
2024-11-26,-0.0372393604439925,0.47435897435897434,0.0,2024-12-02,0.06506727460654504,0.0
2024-12-03,-0.044567908616446,0.4358974358974359,0.0,2024-12-09,0.07970485185729892,0.0
2024-12-10,-0.0506521102876802,0.391025641025641,0.0,2024-12-16,0.18152944227631496,0.0
2024-12-17,-0.042514515079332,0.4551282051282051,0.0,2024-12-23,0.018292959688482657,0.0
2024-12-24,-0.001785000069186,0.8076923076923077,0.0,2024-12-30,-0.12572228257074958,-0.0
2024-12-31,-0.0025328672857527,0.7884615384615384,0.0,2025-01-06,0.009126446654639242,0.0
2025-01-07,0.0141287395571799,0.9294871794871795,-1.0,2025-01-13,0.01880539644277235,-0.01880539644277235
2025-01-14,0.0361462250207399,0.9935897435897436,-1.0,2025-01-21,0.2608837328689111,-0.2608837328689111
2025-01-21,0.0299099933934376,0.9807692307692307,-1.0,2025-01-27,0.25163831707069084,-0.25163831707069084
2025-01-28,0.0335624342503745,0.9935897435897436,-1.0,2025-02-03,0.3198366747562158,-0.3198366747562158
2025-02-04,0.0312016351254489,0.9871794871794872,-1.0,2025-02-10,0.3161624871624573,-0.3161624871624573
2025-02-11,0.0478857828694997,1.0,-1.0,2025-02-18,0.07038580727571286,-0.07038580727571286
2025-02-18,0.0659093990473861,1.0,-1.0,2025-02-24,0.03898468688808654,-0.03898468688808654
2025-02-25,0.0669390936965582,1.0,-1.0,2025-03-03,-0.05221565393813776,0.05221565393813776
2025-03-04,0.0664046843034893,0.9935897435897436,-1.0,2025-03-10,-0.2574668717903106,0.2574668717903106
2025-03-11,0.0556731740338911,0.9807692307692307,-1.0,2025-03-17,-0.24080213326015087,0.24080213326015087
2025-03-18,0.0412049438591894,0.967948717948718,-1.0,2025-03-24,-0.3151045078739241,0.3151045078739241
2025-03-25,0.025374958517811,0.9166666666666666,-1.0,2025-03-31,-0.33822174071112343,0.33822174071112343
2025-04-01,0.0155901718598253,0.8717948717948718,0.0,2025-04-07,-0.19622139781298165,-0.0
2025-04-08,0.0126847648299038,0.8589743589743589,0.0,2025-04-14,-0.049825351158967024,-0.0
2025-04-15,0.0037420116316352,0.8076923076923077,0.0,2025-04-21,-0.11060519132958024,-0.0
2025-04-22,-0.0175544607568087,0.6602564102564102,0.0,2025-04-28,0.0035377643221998767,0.0
2025-04-29,-0.0303882122662026,0.5705128205128205,0.0,2025-05-05,0.01147152952164232,0.0
2025-05-06,-0.029901473463493,0.5769230769230769,0.0,2025-05-12,-0.06732529231198425,-0.0
2025-05-13,-0.0251687093416856,0.6282051282051282,0.0,2025-05-19,0.17690400127438233,0.0
2025-05-20,-0.0377212120564743,0.48717948717948717,0.0,2025-05-27,-0.03349047863389654,-0.0
2025-05-27,-0.0430473666596832,0.4551282051282051,0.0,2025-06-02,-0.1718120668433003,-0.0
2025-06-03,-0.0348491265114108,0.5256410256410257,0.0,2025-06-09,-0.1779179924406753,-0.0
2025-06-10,-0.0546622980107987,0.3525641025641026,0.0,2025-06-16,-0.15518910490926707,-0.0
2025-06-17,-0.041042388286826,0.47435897435897434,0.0,2025-06-23,-0.19960209750704516,-0.0
2025-06-24,-0.0408688039533502,0.47435897435897434,0.0,2025-06-30,-0.14550763769709185,-0.0
2025-07-01,-0.0345559737422612,0.5448717948717948,0.0,2025-07-07,-0.17051054198088123,-0.0
2025-07-08,-0.0309832202465207,0.5833333333333334,0.0,2025-07-14,-0.17873771862186594,-0.0
2025-07-15,-0.0124997743373901,0.7371794871794872,0.0,2025-07-21,-0.15910983705898785,-0.0
2025-07-22,-0.019716685289983,0.6794871794871795,0.0,2025-07-28,-0.12173169637865922,-0.0
2025-07-29,-0.0083878056045938,0.7564102564102564,0.0,2025-08-04,-0.05431780834478683,-0.0
2025-08-05,-0.0172121525797078,0.6923076923076923,0.0,2025-08-11,-0.026530018547072487,-0.0
2025-08-12,-0.0313536136101121,0.5384615384615384,0.0,2025-08-18,-0.009128046487623998,-0.0
2025-08-19,-0.0228754746628257,0.6602564102564102,0.0,2025-08-25,-0.023639053238462715,-0.0
2025-08-26,-0.0271902502402118,0.6025641025641025,0.0,2025-09-02,-0.024559688531465618,-0.0
2025-09-02,-0.0224752073922046,0.6602564102564102,0.0,2025-09-08,-0.03490631990246751,-0.0
2025-09-09,-0.0151751096811216,0.6987179487179487,0.0,2025-09-15,-0.09343509314020793,-0.0
2025-09-16,-0.0140912197622476,0.7115384615384616,0.0,2025-09-22,0.07334972314543142,0.0
2025-09-23,-0.0388350708179424,0.4166666666666667,0.0,2025-09-29,0.052180551940267605,0.0
2025-09-30,-0.0187850418845074,0.6538461538461539,0.0,2025-10-06,0.07186208595413568,0.0
2025-10-07,-0.0203618681953105,0.6410256410256411,0.0,2025-10-13,0.16245485636351065,0.0
2025-10-14,-0.0450008332492119,0.33974358974358976,0.0,2025-10-20,0.0820419574923763,0.0
2025-10-21,-0.0272982697283311,0.5641025641025641,0.0,2025-10-27,0.11108797504074719,0.0
2025-10-28,-0.0255932209630719,0.5833333333333334,0.0,2025-11-03,0.09639844635310535,0.0
2025-11-04,-0.0279058967432335,0.5384615384615384,0.0,2025-11-10,0.02313496453231023,0.0
2025-11-10,-0.0344073301553345,0.4423076923076923,0.0,2025-11-17,-0.1451608071465733,-0.0
2025-11-18,-0.0395926182804084,0.36538461538461536,0.0,2025-11-24,-0.06132604564762678,-0.0
2025-11-25,-0.0437506109391926,0.3141025641025641,0.0,2025-12-01,-0.1196644643397815,-0.0
2025-12-02,-0.0262237372286142,0.5769230769230769,0.0,2025-12-08,-0.23722318259814967,-0.0
2025-12-09,-0.0200488404740118,0.6410256410256411,0.0,2025-12-15,-0.15687934444772722,-0.0
2025-12-16,-0.0421230986718725,0.32051282051282054,0.0,2025-12-22,0.3354694169169643,0.0
2025-12-23,-0.0683125659246723,0.14102564102564102,0.0,2025-12-29,0.560047316146294,0.0
2025-12-30,-0.0547365195878708,0.21153846153846154,0.0,2026-01-05,0.51167310939638,0.0
2026-01-06,-0.0635170837173256,0.14102564102564102,0.0,2026-01-12,0.48354590354047833,0.0
2026-01-13,-0.0642934895610376,0.1346153846153846,0.0,2026-01-20,0.3132381074856099,0.0
2026-01-20,-0.0477693963848143,0.26282051282051283,0.0,2026-01-26,-0.2733171156191787,-0.0
2026-01-27,-0.0134900177927516,0.717948717948718,0.0,2026-02-02,-0.027541034674652742,-0.0
2026-02-03,-2.838193387250956e-05,0.8076923076923077,0.0,2026-02-09,-0.007675070472971779,-0.0
2026-02-10,-0.0050437105151631,0.7692307692307693,0.0,2026-02-17,0.03131342388092584,0.0
2026-02-17,-0.0165875866719221,0.6602564102564102,0.0,2026-02-23,-0.0013434750370091564,-0.0
2026-02-24,-0.0468499831123948,0.24358974358974358,0.0,2026-03-02,0.013089642711217042,0.0
2026-03-03,-0.0474708209964315,0.24358974358974358,0.0,2026-03-09,-0.04545998106047877,-0.0
2026-03-10,-0.0402353225271682,0.3333333333333333,0.0,2026-03-16,-0.11306197539096274,-0.0
2026-03-17,-0.0286023568680457,0.5064102564102564,0.0,2026-03-23,-0.03140142600699125,-0.0
2026-03-24,-0.0360060689391058,0.391025641025641,0.0,2026-03-30,-0.12412458927935388,-0.0
2026-03-31,-0.0446455218460384,0.27564102564102566,0.0,2026-04-06,-0.017607718650793913,-0.0
2026-04-07,-0.0551895836901639,0.1794871794871795,0.0,2026-04-13,0.06497695352199218,0.0
2026-04-14,-0.0719733289596527,0.09615384615384616,1.0,2026-04-20,0.08007748724790575,0.08007748724790575
2026-04-21,-0.063789154689366,0.1346153846153846,0.0,2026-04-27,0.08921269531606102,0.0
2026-04-28,-0.0616020524515393,0.16025641025641027,0.0,2026-05-04,-0.02720846920560227,-0.0
2026-05-05,-0.0659993602011989,0.1282051282051282,0.0,2026-05-11,-0.05065730875073182,-0.0
2026-05-12,-0.0737373631914432,0.08974358974358974,1.0,2026-05-18,-0.058042800870817146,-0.058042800870817146
2026-05-19,-0.0602108627516444,0.1794871794871795,0.0,2026-05-26,-0.019674821335263548,-0.0
2026-05-26,-0.0819629750219806,0.04487179487179487,1.0,2026-06-01,0.0794242245486112,0.0794242245486112
2026-06-02,-0.0690227120984757,0.1282051282051282,0.0,2026-06-08,0.07011709818211553,0.0
2026-06-09,-0.0748696374271862,0.09615384615384616,1.0,2026-06-15,-0.02382411428096365,-0.02382411428096365
2026-06-16,-0.051630662809067,0.27564102564102566,0.0,2026-06-22,-0.07733632337441865,-0.0
2026-06-23,-0.0512826871180781,0.28205128205128205,0.0,2026-06-29,-0.17811791320706583,-0.0
2026-06-30,-0.039649196866387,0.41025641025641024,0.0,2026-07-06,-0.1897328202526598,-0.0
2026-07-07,-0.0361096554925064,0.4551282051282051,0.0,2026-07-13,-0.07162955997975429,-0.0
2026-07-14,-0.0635524031223998,0.17307692307692307,0.0,2026-07-20,-0.09670841753192105,-0.0
2026-07-21,-0.061184862766347,0.20512820512820512,0.0,2026-07-27,-0.03002161378253776,-0.0
2026-07-28,-0.0632763726792155,0.1858974358974359,0.0,2026-08-03,0.03784070224859004,0.0
2026-08-04,-0.0744078813159912,0.10256410256410256,0.0,2026-08-10,0.026682354825152466,0.0
2026-08-11,-0.0653682822907674,0.16666666666666666,0.0,2026-08-17,0.06564365364190072,0.0
2026-08-18,-0.0579375214921111,0.23717948717948717,0.0,2026-08-24,0.04765069405617606,0.0
