week_ending,actual,linear,trees,blend
2016-01-01,-113.0,-105.47,-98.68,-102.08
2016-01-08,-168.0,-172.17,-142.46,-157.31
2016-01-15,-178.0,-201.0,-180.61,-190.81
2016-01-22,-211.0,-228.13,-226.73,-227.43
2016-01-29,-152.0,-174.6,-120.86,-147.73
2016-02-05,-70.0,-116.72,-77.28,-97.0
2016-02-12,-163.0,-160.74,-154.42,-157.58
2016-02-19,-117.0,-136.48,-110.93,-123.71
2016-02-26,-48.0,-79.24,-62.57,-70.9
2016-03-04,-57.0,-67.14,-48.9,-58.02
2016-03-11,-1.0,-13.59,20.52,3.46
2016-03-18,15.0,7.03,30.15,18.59
2016-03-25,-25.0,-45.89,-1.27,-23.58
2016-04-01,12.0,-6.95,9.6,1.32
2016-04-08,-3.0,-30.14,10.39,-9.88
2016-04-15,7.0,-9.51,30.53,10.51
2016-04-22,73.0,53.28,59.43,56.35
2016-04-29,68.0,37.03,77.01,57.02
2016-05-06,56.0,42.13,63.37,52.75
2016-05-13,73.0,59.0,75.21,67.11
2016-05-20,71.0,55.36,84.34,69.85
2016-05-27,82.0,77.59,85.99,81.79
2016-06-03,65.0,84.41,89.46,86.93
2016-06-10,69.0,79.75,78.96,79.35
2016-06-17,62.0,71.16,80.89,76.03
2016-06-24,37.0,49.23,68.33,58.78
2016-07-01,39.0,48.91,66.25,57.58
2016-07-08,64.0,46.18,57.26,51.72
2016-07-15,34.0,41.88,37.27,39.58
2016-07-22,17.0,25.44,23.45,24.44
2016-07-29,-6.0,18.86,28.05,23.45
2016-08-05,29.0,34.28,34.43,34.35
2016-08-12,22.0,29.91,25.38,27.65
2016-08-19,11.0,41.69,31.39,36.54
2016-08-26,51.0,58.71,58.14,58.43
2016-09-02,36.0,66.69,72.09,69.39
2016-09-09,62.0,72.44,59.19,65.82
2016-09-16,52.0,88.37,82.32,85.35
2016-09-23,49.0,79.43,74.32,76.87
2016-09-30,80.0,89.01,77.59,83.3
2016-10-07,79.0,102.27,91.73,97.0
2016-10-14,77.0,76.87,87.11,81.99
2016-10-21,73.0,89.75,86.39,88.07
2016-10-28,54.0,49.37,53.32,51.35
2016-11-04,54.0,73.15,59.12,66.13
2016-11-11,30.0,52.75,34.26,43.5
2016-11-18,-2.0,35.18,20.15,27.67
2016-11-25,-50.0,-33.7,-27.11,-30.4
2016-12-02,-42.0,-41.47,-30.38,-35.92
2016-12-09,-147.0,-122.39,-91.9,-107.15
2016-12-16,-209.0,-170.09,-177.73,-173.91
2016-12-23,-237.0,-183.46,-174.4,-178.93
2016-12-30,-49.0,-62.52,-54.01,-58.26
2017-01-06,-151.0,-129.9,-120.5,-125.2
2017-01-13,-243.0,-176.14,-185.77,-180.96
2017-01-20,-119.0,-111.58,-93.65,-102.62
2017-01-27,-87.0,-89.65,-36.23,-62.94
2017-02-03,-152.0,-136.59,-119.81,-128.2
2017-02-10,-114.0,-115.7,-86.89,-101.29
2017-02-17,-89.0,-93.78,-58.55,-76.17
2017-02-24,7.0,-7.74,6.26,-0.74
2017-03-03,-68.0,-66.26,-68.04,-67.15
2017-03-10,-53.0,-55.18,-12.97,-34.07
2017-03-17,-150.0,-132.47,-129.59,-131.03
2017-03-24,-43.0,-51.95,2.42,-24.77
2017-03-31,2.0,1.78,15.51,8.65
2017-04-07,10.0,7.78,14.29,11.03
2017-04-14,54.0,44.86,43.48,44.17
2017-04-21,74.0,61.48,68.13,64.8
2017-04-28,67.0,47.89,86.01,66.95
2017-05-05,45.0,39.69,69.85,54.77
2017-05-12,68.0,34.36,45.96,40.16
2017-05-19,75.0,54.25,74.01,64.13
2017-05-26,81.0,68.26,85.0,76.63
2017-06-02,106.0,86.98,84.83,85.91
2017-06-09,78.0,85.05,82.63,83.84
2017-06-16,61.0,47.08,51.82,49.45
2017-06-23,46.0,52.68,56.51,54.6
2017-06-30,62.0,59.51,68.56,64.03
2017-07-07,58.0,40.7,59.46,50.08
2017-07-14,27.0,35.2,47.2,41.2
2017-07-21,17.0,22.75,20.66,21.71
2017-07-28,19.0,38.45,35.74,37.09
2017-08-04,30.0,37.2,40.99,39.1
2017-08-11,53.0,56.91,46.55,51.73
2017-08-18,43.0,46.38,53.69,50.03
2017-08-25,30.0,48.31,53.26,50.79
2017-09-01,65.0,73.2,54.11,63.65
2017-09-08,91.0,72.11,68.9,70.51
2017-09-15,97.0,86.2,78.08,82.14
2017-09-22,58.0,68.38,79.39,73.88
2017-09-29,42.0,53.6,66.81,60.2
2017-10-06,87.0,76.29,61.92,69.1
2017-10-13,50.0,71.87,75.03,73.45
2017-10-20,65.0,65.95,60.49,63.22
2017-10-27,65.0,46.09,51.8,48.94
2017-11-03,15.0,3.18,19.12,11.15
2017-11-10,-18.0,-27.13,-25.87,-26.5
2017-11-17,-46.0,-36.78,-39.55,-38.17
2017-11-24,-33.0,-50.09,-52.65,-51.37
2017-12-01,2.0,-27.89,-10.29,-19.09
2017-12-08,-69.0,-82.4,-75.4,-78.9
2017-12-15,-182.0,-162.68,-152.22,-157.45
2017-12-22,-112.0,-117.62,-90.24,-103.93
2017-12-29,-206.0,-206.33,-229.19,-217.76
2018-01-05,-359.0,-305.29,-216.33,-260.81
2018-01-12,-183.0,-182.25,-167.62,-174.93
2018-01-19,-288.0,-249.8,-242.6,-246.2
2018-01-26,-99.0,-119.2,-101.43,-110.31
2018-02-02,-119.0,-118.63,-123.78,-121.2
2018-02-09,-194.0,-171.38,-198.31,-184.84
2018-02-16,-124.0,-118.47,-126.4,-122.43
2018-02-23,-78.0,-60.39,-71.63,-66.01
2018-03-02,-57.0,-38.69,-47.31,-43.0
2018-03-09,-93.0,-74.11,-88.96,-81.54
2018-03-16,-86.0,-74.14,-100.76,-87.45
2018-03-23,-63.0,-49.36,-73.79,-61.58
2018-03-30,-29.0,-9.52,-9.91,-9.72
2018-04-06,-19.0,-22.99,-38.64,-30.82
2018-04-13,-36.0,-15.18,-20.91,-18.05
2018-04-20,-18.0,-8.09,-34.77,-21.43
2018-04-27,62.0,55.49,32.9,44.19
2018-05-04,89.0,96.18,78.27,87.23
2018-05-11,106.0,121.25,98.38,109.81
2018-05-18,91.0,107.33,95.99,101.66
2018-05-25,96.0,111.44,98.63,105.04
2018-06-01,92.0,99.7,76.99,88.34
2018-06-08,96.0,112.71,97.45,105.08
2018-06-15,95.0,107.04,78.3,92.67
2018-06-22,66.0,83.24,74.11,78.68
2018-06-29,78.0,87.07,60.02,73.54
2018-07-06,51.0,44.21,56.38,50.3
2018-07-13,45.0,62.93,35.32,49.13
2018-07-20,24.0,54.95,36.76,45.85
2018-07-27,33.0,57.99,29.79,43.89
2018-08-03,48.0,63.97,39.69,51.83
2018-08-10,33.0,42.87,32.81,37.84
2018-08-17,49.0,59.9,27.92,43.91
2018-08-24,69.0,81.78,50.97,66.38
2018-08-31,63.0,63.67,53.04,58.35
2018-09-07,69.0,69.57,49.27,59.42
2018-09-14,86.0,108.42,74.53,91.47
2018-09-21,46.0,96.97,62.47,79.72
2018-09-28,98.0,104.91,70.0,87.46
2018-10-05,90.0,100.83,82.03,91.43
2018-10-12,81.0,87.62,79.09,83.36
2018-10-19,58.0,44.27,53.46,48.87
2018-10-26,48.0,27.61,36.75,32.18
2018-11-02,65.0,57.15,43.99,50.57
2018-11-09,39.0,30.61,7.75,19.18
2018-11-16,-134.0,-99.24,-115.32,-107.28
2018-11-23,-59.0,-73.04,-87.75,-80.39
2018-11-30,-63.0,-63.15,-88.21,-75.68
2018-12-07,-77.0,-84.08,-106.91,-95.5
2018-12-14,-141.0,-117.34,-162.76,-140.05
2018-12-21,-48.0,-73.97,-92.97,-83.47
2018-12-28,-20.0,-32.41,-85.01,-58.71
2019-01-04,-91.0,-107.75,-105.31,-106.53
2019-01-11,-81.0,-97.17,-89.94,-93.56
2019-01-18,-163.0,-146.54,-171.18,-158.86
2019-01-25,-173.0,-204.2,-244.66,-224.43
2019-02-01,-237.0,-241.8,-216.05,-228.92
2019-02-08,-78.0,-95.81,-92.11,-93.96
2019-02-15,-177.0,-131.3,-121.91,-126.61
2019-02-22,-166.0,-155.17,-134.91,-145.04
2019-03-01,-149.0,-134.22,-137.36,-135.79
2019-03-08,-200.0,-182.47,-189.41,-185.94
2019-03-15,-47.0,-34.57,-29.94,-32.26
2019-03-22,-36.0,-46.78,-36.3,-41.54
2019-03-29,23.0,5.09,8.15,6.62
2019-04-05,25.0,-4.59,2.52,-1.03
2019-04-12,92.0,69.08,54.23,61.66
2019-04-19,92.0,69.6,82.52,76.06
2019-04-26,123.0,94.2,98.15,96.18
2019-05-03,85.0,64.68,86.89,75.79
2019-05-10,106.0,86.56,96.39,91.47
2019-05-17,100.0,91.9,98.87,95.39
2019-05-24,114.0,86.35,98.53,92.44
2019-05-31,119.0,94.59,95.75,95.17
2019-06-07,102.0,99.63,94.88,97.26
2019-06-14,115.0,106.61,98.11,102.36
2019-06-21,98.0,91.47,87.22,89.35
2019-06-28,89.0,77.87,86.1,81.99
2019-07-05,81.0,52.67,77.16,64.91
2019-07-12,62.0,48.62,65.21,56.92
2019-07-19,36.0,28.41,37.91,33.16
2019-07-26,65.0,44.8,46.99,45.89
2019-08-02,55.0,39.19,58.54,48.86
2019-08-09,49.0,41.0,50.26,45.63
2019-08-16,59.0,47.37,56.15,51.76
2019-08-23,60.0,39.16,51.72,45.44
2019-08-30,84.0,76.24,65.84,71.04
2019-09-06,78.0,67.7,72.71,70.21
2019-09-13,84.0,64.05,73.11,68.58
2019-09-20,102.0,80.25,69.99,75.12
2019-09-27,112.0,77.08,77.51,77.3
2019-10-04,98.0,63.37,86.77,75.07
2019-10-11,104.0,75.78,96.45,86.12
2019-10-18,87.0,46.49,67.95,57.22
2019-10-25,89.0,46.58,71.29,58.94
2019-11-01,34.0,3.52,30.96,17.24
2019-11-08,3.0,-34.83,-27.44,-31.13
2019-11-15,-94.0,-124.99,-111.91,-118.45
2019-11-22,-28.0,-60.66,-50.73,-55.7
2019-11-29,-19.0,-37.87,-44.67,-41.27
2019-12-06,-73.0,-89.33,-87.09,-88.21
2019-12-13,-107.0,-119.73,-128.7,-124.22
2019-12-20,-161.0,-168.1,-149.85,-158.98
2019-12-27,-58.0,-67.35,-29.67,-48.51
2020-01-03,-44.0,-58.52,-26.87,-42.69
2020-01-10,-109.0,-92.85,-92.59,-92.72
2020-01-17,-92.0,-94.1,-98.91,-96.5
2020-01-24,-201.0,-161.41,-152.14,-156.78
2020-01-31,-137.0,-124.68,-110.8,-117.74
2020-02-07,-115.0,-106.73,-86.26,-96.5
2020-02-14,-151.0,-136.8,-174.86,-155.83
2020-02-21,-143.0,-128.07,-148.67,-138.37
2020-02-28,-109.0,-103.41,-95.56,-99.49
2020-03-06,-48.0,-45.88,-52.56,-49.22
2020-03-13,-9.0,0.88,21.87,11.37
2020-03-20,-29.0,-11.38,-5.84,-8.61
2020-03-27,-19.0,-16.7,4.41,-6.15
2020-04-03,38.0,15.17,28.91,22.04
2020-04-10,73.0,25.16,60.78,42.97
2020-04-17,43.0,-9.3,9.94,0.32
2020-04-24,70.0,22.47,44.86,33.66
2020-05-01,109.0,60.58,76.86,68.72
2020-05-08,103.0,59.56,101.15,80.35
2020-05-15,81.0,52.14,77.06,64.6
2020-05-22,109.0,85.36,105.42,95.39
2020-05-29,102.0,97.57,108.39,102.98
2020-06-05,93.0,73.77,95.72,84.75
2020-06-12,85.0,61.79,82.33,72.06
2020-06-19,120.0,78.06,90.92,84.49
2020-06-26,65.0,58.59,85.05,71.82
2020-07-03,56.0,37.03,68.1,52.56
2020-07-10,45.0,14.52,41.95,28.23
2020-07-17,37.0,25.3,37.12,31.21
2020-07-24,26.0,14.82,35.69,25.26
2020-07-31,33.0,12.8,34.36,23.58
2020-08-07,58.0,26.52,58.65,42.58
2020-08-14,43.0,4.11,39.58,21.85
2020-08-21,45.0,30.9,47.91,39.4
2020-08-28,35.0,10.44,40.17,25.31
2020-09-04,70.0,52.4,59.16,55.78
2020-09-11,89.0,55.35,80.72,68.03
2020-09-18,66.0,77.69,96.77,87.23
2020-09-25,76.0,91.57,89.09,90.33
2020-10-02,75.0,73.64,96.07,84.85
2020-10-09,46.0,73.34,95.92,84.63
2020-10-16,49.0,69.04,89.12,79.08
2020-10-23,29.0,48.62,73.62,61.12
2020-10-30,-36.0,-18.9,13.64,-2.63
2020-11-06,8.0,9.58,29.0,19.29
2020-11-13,31.0,42.91,49.13,46.02
2020-11-20,-18.0,-18.14,24.47,3.17
2020-11-27,-1.0,-1.58,0.69,-0.44
2020-12-04,-91.0,-90.01,-54.16,-72.09
2020-12-11,-122.0,-101.59,-62.19,-81.89
2020-12-18,-152.0,-155.83,-110.65,-133.24
2020-12-25,-114.0,-94.25,-86.78,-90.52
2021-01-01,-130.0,-124.6,-119.93,-122.27
2021-01-08,-134.0,-149.13,-132.28,-140.7
2021-01-15,-187.0,-180.83,-184.34,-182.58
2021-01-22,-128.0,-144.34,-138.54,-141.44
2021-01-29,-192.0,-177.54,-190.18,-183.86
2021-02-05,-171.0,-160.84,-152.62,-156.73
2021-02-12,-237.0,-242.19,-217.1,-229.65
2021-02-19,-338.0,-321.39,-258.16,-289.78
2021-02-26,-98.0,-127.57,-116.06,-121.81
2021-03-05,-52.0,-70.83,-77.06,-73.95
2021-03-12,-11.0,-23.14,-11.43,-17.29
2021-03-19,-32.0,-34.59,-33.36,-33.98
2021-03-26,14.0,19.85,2.04,10.94
2021-04-02,20.0,13.77,17.93,15.85
2021-04-09,61.0,74.76,55.74,65.25
2021-04-16,38.0,54.83,63.91,59.37
2021-04-23,15.0,16.6,23.46,20.03
2021-04-30,60.0,65.97,56.54,61.26
2021-05-07,71.0,75.07,81.44,78.25
2021-05-14,71.0,55.0,83.71,69.35
2021-05-21,115.0,100.91,97.32,99.12
2021-05-28,98.0,69.78,93.73,81.76
2021-06-04,98.0,101.98,100.83,101.41
2021-06-11,16.0,63.32,63.67,63.49
2021-06-18,55.0,78.74,41.87,60.3
2021-06-25,76.0,78.74,59.77,69.26
2021-07-02,16.0,52.65,71.82,62.24
2021-07-09,55.0,61.11,28.31,44.71
2021-07-16,49.0,61.97,52.48,57.23
2021-07-23,36.0,60.85,46.91,53.88
2021-07-30,13.0,42.87,33.59,38.23
2021-08-06,49.0,69.62,42.28,55.95
2021-08-13,46.0,37.06,36.96,37.01
2021-08-20,29.0,54.07,45.44,49.75
2021-08-27,20.0,39.91,30.13,35.02
2021-09-03,52.0,70.98,40.81,55.9
2021-09-10,83.0,91.41,72.07,81.74
2021-09-17,76.0,88.88,72.31,80.6
2021-09-24,88.0,92.98,83.82,88.4
2021-10-01,118.0,113.59,96.9,105.24
2021-10-08,81.0,120.25,99.44,109.84
2021-10-15,92.0,112.77,90.56,101.66
2021-10-22,87.0,85.26,89.57,87.42
2021-10-29,63.0,60.01,68.08,64.05
2021-11-05,7.0,5.77,24.79,15.28
2021-11-12,26.0,20.89,10.42,15.66
2021-11-19,-21.0,-22.67,-25.13,-23.9
2021-11-26,-59.0,-29.89,-58.47,-44.18
2021-12-03,-59.0,-48.6,-55.01,-51.81
2021-12-10,-88.0,-63.97,-62.69,-63.33
2021-12-17,-55.0,-45.56,-21.26,-33.41
2021-12-24,-136.0,-110.05,-96.01,-103.03
2021-12-31,-31.0,-30.22,-52.39,-41.3
2022-01-07,-179.0,-166.54,-193.53,-180.04
2022-01-14,-206.0,-168.78,-180.04,-174.41
2022-01-21,-219.0,-212.71,-238.76,-225.74
2022-01-28,-268.0,-233.73,-262.76,-248.24
2022-02-04,-222.0,-210.9,-241.35,-226.13
2022-02-11,-190.0,-169.43,-173.03,-171.23
2022-02-18,-129.0,-145.54,-180.05,-162.79
2022-02-25,-139.0,-138.38,-142.24,-140.31
2022-03-04,-124.0,-111.59,-125.1,-118.34
2022-03-11,-79.0,-75.93,-59.97,-67.95
2022-03-18,-51.0,-29.52,-27.19,-28.35
2022-03-25,26.0,13.93,17.59,15.76
2022-04-01,-33.0,-17.1,-16.38,-16.74
2022-04-08,15.0,12.36,13.21,12.78
2022-04-15,53.0,51.47,50.0,50.73
2022-04-22,40.0,34.46,37.27,35.86
2022-04-29,77.0,59.4,65.08,62.24
2022-05-06,76.0,76.66,90.89,83.78
2022-05-13,89.0,94.59,93.08,93.83
2022-05-20,87.0,104.47,106.18,105.33
2022-05-27,82.0,96.57,94.81,95.69
2022-06-03,102.0,94.48,86.53,90.51
2022-06-10,92.0,102.99,88.75,95.87
2022-06-17,74.0,67.62,61.89,64.75
2022-06-24,82.0,68.59,68.85,68.72
2022-07-01,60.0,59.17,54.76,56.97
2022-07-08,58.0,47.19,44.81,46.0
2022-07-15,32.0,53.02,42.49,47.75
2022-07-22,15.0,22.67,18.46,20.57
2022-07-29,41.0,29.69,28.88,29.28
2022-08-05,44.0,33.04,27.83,30.43
2022-08-12,18.0,37.99,29.96,33.98
2022-08-19,60.0,66.78,51.9,59.34
2022-08-26,61.0,64.85,50.09,57.47
2022-09-02,54.0,60.53,37.28,48.9
2022-09-09,77.0,81.71,67.35,74.53
2022-09-16,103.0,100.34,79.94,90.14
2022-09-23,103.0,86.28,86.66,86.47
2022-09-30,129.0,89.31,91.3,90.31
2022-10-07,125.0,102.67,90.97,96.82
2022-10-14,111.0,85.0,84.29,84.64
2022-10-21,52.0,36.56,71.0,53.78
2022-10-28,107.0,77.86,66.23,72.05
2022-11-04,79.0,82.58,76.84,79.71
2022-11-11,64.0,57.18,62.11,59.64
2022-11-18,-80.0,-99.26,-85.55,-92.4
2022-11-25,-81.0,-85.86,-105.85,-95.86
2022-12-02,-21.0,-58.68,-42.68,-50.68
2022-12-09,-50.0,-42.53,-63.98,-53.26
2022-12-16,-87.0,-83.88,-92.27,-88.07
2022-12-23,-213.0,-213.04,-257.42,-235.23
2022-12-30,-221.0,-156.81,-170.47,-163.64
2023-01-06,11.0,-45.65,-63.84,-54.75
2023-01-13,-82.0,-87.03,-84.56,-85.8
2023-01-20,-86.0,-91.51,-86.83,-89.17
2023-01-27,-151.0,-164.9,-144.32,-154.61
2023-02-03,-217.0,-223.19,-216.83,-220.01
2023-02-10,-100.0,-120.26,-97.22,-108.74
2023-02-17,-71.0,-96.24,-74.3,-85.27
2023-02-24,-81.0,-83.93,-80.69,-82.31
2023-03-03,-84.0,-73.92,-66.75,-70.34
2023-03-10,-58.0,-57.73,-54.59,-56.16
2023-03-17,-72.0,-76.14,-66.67,-71.4
2023-03-24,-47.0,-71.41,-52.37,-61.89
2023-03-31,-23.0,-30.32,-20.47,-25.39
2023-04-07,25.0,12.07,28.24,20.15
2023-04-14,75.0,68.88,60.06,64.47
2023-04-21,79.0,61.72,78.61,70.16
2023-04-28,54.0,35.37,73.69,54.53
2023-05-05,78.0,46.41,70.15,58.28
2023-05-12,99.0,100.58,99.4,99.99
2023-05-19,96.0,97.17,101.66,99.41
2023-05-26,110.0,107.79,104.25,106.02
2023-06-02,104.0,96.64,98.5,97.57
2023-06-09,84.0,97.99,96.13,97.06
2023-06-16,95.0,90.99,87.97,89.48
2023-06-23,76.0,87.69,90.12,88.91
2023-06-30,76.0,61.11,82.24,71.67
2023-07-07,49.0,37.85,64.25,51.05
2023-07-14,41.0,34.71,53.9,44.31
2023-07-21,16.0,29.3,47.83,38.56
2023-07-28,14.0,14.77,31.51,23.14
2023-08-04,29.0,36.83,39.35,38.09
2023-08-11,35.0,39.34,41.17,40.26
2023-08-18,18.0,47.76,46.45,47.11
2023-08-25,32.0,39.78,38.34,39.06
2023-09-01,33.0,60.19,65.79,62.99
2023-09-08,57.0,25.7,43.14,34.42
2023-09-15,64.0,78.0,81.55,79.77
2023-09-22,90.0,104.52,81.97,93.24
2023-09-29,86.0,106.11,107.23,106.67
2023-10-06,84.0,97.7,100.89,99.3
2023-10-13,97.0,68.66,80.26,74.46
2023-10-20,74.0,58.34,79.72,69.03
2023-10-27,79.0,82.22,92.51,87.37
2023-11-03,-6.0,-25.54,-4.32,-14.93
2023-11-10,60.0,30.36,16.37,23.36
2023-11-17,-7.0,7.47,22.22,14.85
2023-11-24,10.0,-28.54,-23.83,-26.18
2023-12-01,-117.0,-104.35,-98.81,-101.58
2023-12-08,-55.0,-70.27,-39.94,-55.1
2023-12-15,-87.0,-89.98,-81.39,-85.68
2023-12-22,-87.0,-92.23,-60.09,-76.16
2023-12-29,-14.0,-52.81,-7.07,-29.94
2024-01-05,-140.0,-125.48,-121.92,-123.7
2024-01-12,-154.0,-151.12,-132.37,-141.74
2024-01-19,-326.0,-295.2,-278.34,-286.77
2024-01-26,-197.0,-184.23,-165.66,-174.95
2024-02-02,-75.0,-105.14,-85.94,-95.54
2024-02-09,-54.0,-83.69,-78.93,-81.31
2024-02-16,-60.0,-99.58,-88.3,-93.94
2024-02-23,-96.0,-106.68,-111.19,-108.94
2024-03-01,-40.0,-65.02,-52.38,-58.7
2024-03-08,-9.0,-0.48,11.14,5.33
2024-03-15,7.0,-8.76,10.49,0.87
2024-03-22,-36.0,-46.47,-37.02,-41.74
2024-03-29,-37.0,-44.28,-26.04,-35.16
2024-04-05,24.0,-16.24,4.85,-5.69
2024-04-12,50.0,37.95,54.43,46.19
2024-04-19,92.0,56.79,69.26,63.03
2024-04-26,59.0,27.66,61.78,44.72
2024-05-03,85.0,86.2,77.25,81.72
2024-05-10,71.0,76.45,90.42,83.43
2024-05-17,79.0,91.89,88.24,90.06
2024-05-24,85.0,79.57,86.18,82.87
2024-05-31,96.0,80.94,87.83,84.38
2024-06-07,74.0,75.88,82.82,79.35
2024-06-14,71.0,66.09,76.64,71.37
2024-06-21,57.0,20.72,48.33,34.53
2024-06-28,32.0,10.64,36.27,23.45
2024-07-05,65.0,16.31,46.53,31.42
2024-07-12,10.0,2.63,39.62,21.13
2024-07-19,22.0,-1.68,21.1,9.71
2024-07-26,18.0,27.96,38.45,33.21
2024-08-02,21.0,3.58,26.24,14.91
2024-08-09,-6.0,13.52,32.48,23.0
2024-08-16,35.0,26.75,35.17,30.96
2024-08-23,35.0,53.82,55.34,54.58
2024-08-30,13.0,27.27,30.81,29.04
2024-09-06,40.0,59.44,59.09,59.27
2024-09-13,58.0,73.87,66.91,70.39
2024-09-20,48.0,67.85,63.58,65.71
2024-09-27,55.0,82.39,77.25,79.82
2024-10-04,82.0,96.24,79.25,87.75
2024-10-11,76.0,84.53,80.46,82.49
2024-10-18,79.0,52.2,72.43,62.32
2024-10-25,79.0,87.29,79.81,83.55
2024-11-01,67.0,62.7,61.52,62.11
2024-11-08,41.0,54.67,50.68,52.68
2024-11-15,-3.0,13.8,0.07,6.93
2024-11-22,-2.0,-10.99,1.2,-4.9
2024-11-29,-30.0,-44.55,-55.47,-50.01
2024-12-06,-190.0,-156.54,-175.82,-166.18
2024-12-13,-125.0,-137.76,-123.6,-130.68
2024-12-20,-93.0,-92.33,-77.37,-84.85
2024-12-27,-116.0,-107.25,-94.96,-101.1
2025-01-03,-40.0,-75.59,-52.38,-63.98
2025-01-10,-258.0,-231.68,-268.79,-250.24
2025-01-17,-223.0,-230.96,-266.99,-248.98
2025-01-24,-321.0,-310.89,-313.49,-312.19
2025-01-31,-174.0,-156.45,-143.63,-150.04
2025-02-07,-100.0,-107.95,-100.43,-104.19
2025-02-14,-196.0,-170.53,-175.35,-172.94
2025-02-21,-261.0,-254.38,-283.61,-269.0
2025-02-28,-80.0,-94.99,-78.24,-86.62
2025-03-07,-62.0,-63.13,-66.89,-65.01
2025-03-14,9.0,-19.7,-7.22,-13.46
2025-03-21,37.0,16.01,18.92,17.46
2025-03-28,29.0,15.23,15.74,15.49
2025-04-04,57.0,36.61,46.27,41.44
2025-04-11,16.0,-9.32,23.37,7.02
2025-04-18,88.0,42.53,44.29,43.41
2025-04-25,107.0,86.84,93.06,89.95
2025-05-02,104.0,83.52,94.52,89.02
2025-05-09,110.0,95.23,97.64,96.43
2025-05-16,120.0,96.18,91.14,93.66
2025-05-23,101.0,56.49,94.45,75.47
2025-05-30,122.0,85.38,99.53,92.46
2025-06-06,109.0,79.89,88.92,84.41
2025-06-13,95.0,81.54,78.99,80.26
2025-06-20,96.0,64.87,78.4,71.64
2025-06-27,55.0,1.9,39.55,20.72
2025-07-04,53.0,17.66,39.22,28.44
2025-07-11,46.0,15.11,30.01,22.56
2025-07-18,23.0,12.93,24.67,18.8
2025-07-25,48.0,7.49,13.06,10.28
2025-08-01,7.0,3.76,33.11,18.43
2025-08-08,56.0,35.02,32.31,33.66
2025-08-15,13.0,8.73,25.77,17.25
2025-08-22,18.0,32.85,19.49,26.17
2025-08-29,45.0,52.69,43.75,48.22
2025-09-05,71.0,65.35,54.01,59.68
2025-09-12,90.0,80.86,76.13,78.5
2025-09-19,76.0,65.12,68.27,66.69
2025-09-26,52.0,81.4,68.96,75.18
2025-10-03,80.0,83.22,61.61,72.41
2025-10-10,81.0,75.48,68.71,72.09
2025-10-17,86.0,72.9,72.17,72.54
2025-10-24,74.0,58.5,63.51,61.0
2025-10-31,33.0,25.99,15.22,20.6
2025-11-07,45.0,23.7,3.47,13.59
2025-11-14,-14.0,-19.38,-20.91,-20.14
2025-11-21,-12.0,-15.74,-10.46,-13.1
2025-11-28,-11.0,-26.46,-24.46,-25.46
2025-12-05,-178.0,-168.93,-187.15,-178.04
2025-12-12,-166.0,-160.98,-194.23,-177.61
2025-12-19,-168.0,-168.19,-211.05,-189.62
2025-12-26,-37.0,-50.83,-70.31,-60.57
2026-01-02,-120.0,-115.06,-115.11,-115.08
2026-01-09,-70.0,-87.49,-72.29,-79.89
2026-01-16,-120.0,-140.21,-120.99,-130.6
2026-01-23,-241.0,-215.3,-218.83,-217.07
2026-01-30,-359.0,-343.25,-283.5,-313.38
2026-02-06,-252.0,-230.03,-205.74,-217.88
2026-02-13,-143.0,-125.29,-138.11,-131.7
2026-02-20,-52.0,-55.63,-25.53,-40.58
2026-02-27,-131.0,-95.47,-118.48,-106.97
2026-03-06,-38.0,-35.01,-40.14,-37.57
2026-03-13,34.0,23.49,43.06,33.28
2026-03-20,-54.0,-35.81,-28.34,-32.07
2026-03-27,33.0,22.4,32.92,27.66
2026-04-03,49.0,45.79,63.27,54.53
2026-04-10,60.0,33.78,59.33,46.56
2026-04-17,103.0,85.65,81.56,83.6
2026-04-24,79.0,68.37,101.82,85.09
2026-05-01,63.0,61.96,94.56,78.26
2026-05-08,85.0,78.96,90.7,84.83
2026-05-15,101.0,94.38,101.31,97.85
2026-05-22,92.0,73.46,90.84,82.15
2026-05-29,95.0,96.32,108.81,102.56
2026-06-05,108.0,89.93,99.56,94.75
2026-06-12,73.0,56.34,66.67,61.5
2026-06-19,76.0,68.25,69.97,69.11
2026-06-26,87.0,73.57,80.27,76.92
2026-07-03,61.0,9.5,55.42,32.46
2026-07-10,41.0,26.11,53.57,39.84
2026-07-17,32.0,9.02,26.77,17.89
2026-07-24,28.0,31.66,31.96,31.81
2026-07-31,33.0,24.68,25.11,24.89
2026-08-07,36.0,19.16,35.75,27.46
2026-08-14,16.0,13.72,30.93,22.33
2026-08-21,15.0,22.69,27.03,24.86
2026-08-28,30.0,37.19,43.26,40.22
2026-09-04,40.0,31.94,35.44,33.69
2026-09-11,44.0,50.2,45.49,47.85
2026-09-18,53.0,62.87,60.86,61.87
