model,weeks,mae_bcf,rmse_bcf,bias_bcf,share_within_10bcf,mae_winter_bcf,mae_summer_bcf,mae_big_weeks_bcf,worst_miss_bcf,worst_miss_week,evaluation
bench_5yr_avg,246,31.712195121951215,45.94054836133149,-0.13983739837398318,0.25609756097560976,53.9050505050505,16.76598639455782,77.57692307692308,188.4,2024-01-19,frozen on 2010-2021
bench_last_gap,246,36.35284552845528,55.35138308801414,0.3219512195121953,0.2682926829268293,63.23232323232323,18.250340136054422,87.48461538461538,304.4,2023-01-06,frozen on 2010-2021
linear,246,16.80065703519023,21.127105250367876,-7.978677469092441,0.36585365853658536,16.169264922756636,17.225880294584286,15.788738929134407,69.27648491505064,2026-07-03,frozen on 2010-2021
trees,246,14.633215949386004,19.087606169916466,-4.756887725175531,0.4024390243902439,16.31935383687353,13.497653698629096,23.40705024823055,85.72287205546338,2023-01-06,frozen on 2010-2021
blend,246,14.706964470115201,18.577229571867147,-6.367782597133986,0.4146341463414634,15.239680346828246,14.348196634777839,18.216138723037577,69.91614669520143,2023-01-06,frozen on 2010-2021
bench_5yr_avg,246,31.712195121951215,45.94054836133149,-0.13983739837398318,0.25609756097560976,53.9050505050505,16.76598639455782,77.57692307692308,188.4,2024-01-19,retrained each year
bench_last_gap,246,36.35284552845528,55.35138308801414,0.3219512195121953,0.2682926829268293,63.23232323232323,18.250340136054422,87.48461538461538,304.4,2023-01-06,retrained each year
linear,246,15.427691512509139,19.407156010527054,-5.098429444575342,0.3861788617886179,15.581559703312209,15.324065996254008,17.610290711534894,64.19075232918479,2022-12-30,retrained each year
trees,246,14.373098803107755,18.94189218806047,-0.6760879716889141,0.43089430894308944,16.60014381696643,12.8732521611213,26.103802110101434,75.50074329757956,2026-01-30,retrained each year
blend,246,13.482935912409898,17.19895102272841,-2.887258708132129,0.44715447154471544,14.496940798077041,12.80003466287896,19.234198835866582,65.74583162783429,2023-01-06,retrained each year
