week_ending,actual,linear,trees,blend,bench_5yr_avg,bench_last_gap
2022-01-07,-179.0,-166.54,-193.53,-180.04,-168.8,-110.0
2022-01-14,-206.0,-168.78,-180.04,-174.41,-157.2,-167.4
2022-01-21,-219.0,-212.71,-238.76,-225.74,-179.8,-228.6
2022-01-28,-268.0,-233.73,-262.76,-248.24,-137.6,-176.8
2022-02-04,-222.0,-210.9,-241.35,-226.13,-158.8,-289.2
2022-02-11,-190.0,-169.43,-173.03,-171.23,-154.8,-218.0
2022-02-18,-129.0,-145.54,-180.05,-162.79,-174.2,-209.4
2022-02-25,-139.0,-138.38,-142.24,-140.31,-88.8,-43.6
2022-03-04,-124.0,-111.59,-125.1,-118.34,-74.8,-125.0
2022-03-11,-79.0,-75.93,-59.97,-67.95,-73.2,-122.4
2022-03-18,-51.0,-29.52,-27.19,-28.35,-68.8,-74.6
2022-03-25,26.0,13.93,17.59,15.76,-29.4,-11.6
2022-04-01,-33.0,-17.1,-16.38,-16.74,10.8,66.2
2022-04-08,15.0,12.36,13.21,12.78,30.0,-13.8
2022-04-15,53.0,51.47,50.0,50.73,38.2,23.2
2022-04-22,40.0,34.46,37.27,35.86,46.6,61.4
2022-04-29,77.0,59.4,65.08,62.24,84.2,77.6
2022-05-06,76.0,76.66,90.89,83.78,78.6,71.4
2022-05-13,89.0,94.59,93.08,93.83,86.4,83.8
2022-05-20,87.0,104.47,106.18,105.33,98.0,100.6
2022-05-27,82.0,96.57,94.81,95.69,98.2,87.2
2022-06-03,102.0,94.48,86.53,90.51,101.6,85.4
2022-06-10,92.0,102.99,88.75,95.87,75.4,75.8
2022-06-17,74.0,67.62,61.89,64.75,89.2,105.8
2022-06-24,82.0,68.59,68.85,68.72,70.2,55.0
2022-07-01,60.0,59.17,54.76,56.97,60.2,72.0
2022-07-08,58.0,47.19,44.81,46.0,58.0,57.8
2022-07-15,32.0,53.02,42.49,47.75,44.0,44.0
2022-07-22,15.0,22.67,18.46,20.57,27.8,15.8
2022-07-29,41.0,29.69,28.88,29.28,32.6,19.8
2022-08-05,44.0,33.04,27.83,30.43,48.0,56.4
2022-08-12,18.0,37.99,29.96,33.98,44.8,40.8
2022-08-19,60.0,66.78,51.9,59.34,45.0,18.2
2022-08-26,61.0,64.85,50.09,57.47,42.8,57.8
2022-09-02,54.0,60.53,37.28,48.9,66.8,85.0
2022-09-09,77.0,81.71,67.35,74.53,82.0,69.2
2022-09-16,103.0,100.34,79.94,90.14,81.8,76.8
2022-09-23,103.0,86.28,86.66,86.47,74.0,95.2
2022-09-30,129.0,89.31,91.3,90.31,89.0,118.0
2022-10-07,125.0,102.67,90.97,96.82,80.4,120.4
2022-10-14,111.0,85.0,84.29,84.64,75.2,119.8
2022-10-21,52.0,36.56,71.0,53.78,65.2,101.0
2022-10-28,107.0,77.86,66.23,72.05,45.8,32.6
2022-11-04,79.0,82.58,76.84,79.71,25.8,87.0
2022-11-11,64.0,57.18,62.11,59.64,16.2,69.4
2022-11-18,-80.0,-99.26,-85.55,-92.4,-62.6,-14.8
2022-11-25,-81.0,-85.86,-105.85,-95.86,-36.0,-53.4
2022-12-02,-21.0,-58.68,-42.68,-50.68,-46.0,-91.0
2022-12-09,-50.0,-42.53,-63.98,-53.26,-85.8,-60.8
2022-12-16,-87.0,-83.88,-92.27,-88.07,-127.4,-91.6
2022-12-23,-213.0,-213.04,-257.42,-235.23,-114.2,-73.8
2022-12-30,-221.0,-156.81,-170.47,-163.64,-89.0,-187.8
2023-01-06,11.0,-45.65,-63.84,-54.75,-161.4,-293.4
2023-01-13,-82.0,-87.03,-84.56,-85.8,-153.2,19.2
2023-01-20,-86.0,-91.51,-86.83,-89.17,-178.0,-106.8
2023-01-27,-151.0,-164.9,-144.32,-154.61,-186.6,-94.6
2023-02-03,-217.0,-223.19,-216.83,-220.01,-177.2,-141.6
2023-02-10,-100.0,-120.26,-97.22,-108.74,-162.8,-202.6
2023-02-17,-71.0,-96.24,-74.3,-85.27,-183.8,-121.0
2023-02-24,-81.0,-83.93,-80.69,-82.31,-124.8,-12.0
2023-03-03,-84.0,-73.92,-66.75,-70.34,-86.0,-42.2
2023-03-10,-58.0,-57.73,-54.59,-56.16,-78.4,-76.4
2023-03-17,-72.0,-76.14,-66.67,-71.4,-49.0,-28.6
2023-03-24,-47.0,-71.41,-52.37,-61.89,-15.6,-38.6
2023-03-31,-23.0,-30.32,-20.47,-25.39,3.8,-27.6
2023-04-07,25.0,12.07,28.24,20.15,31.0,4.2
2023-04-14,75.0,68.88,60.06,64.47,38.0,32.0
2023-04-21,79.0,61.72,78.61,70.16,39.8,76.8
2023-04-28,54.0,35.37,73.69,54.53,86.2,125.4
2023-05-05,78.0,46.41,70.15,58.28,84.8,52.6
2023-05-12,99.0,100.58,99.4,99.99,90.6,83.8
2023-05-19,96.0,97.17,101.66,99.41,100.4,108.8
2023-05-26,110.0,107.79,104.25,106.02,98.4,94.0
2023-06-02,104.0,96.64,98.5,97.57,100.8,112.4
2023-06-09,84.0,97.99,96.13,97.06,78.2,81.4
2023-06-16,95.0,90.99,87.97,89.48,91.8,97.6
2023-06-23,76.0,87.69,90.12,88.91,77.4,80.6
2023-06-30,76.0,61.11,82.24,71.67,59.8,58.4
2023-07-07,49.0,37.85,64.25,51.05,58.0,74.2
2023-07-14,41.0,34.71,53.9,44.31,45.0,36.0
2023-07-21,16.0,29.3,47.83,38.56,27.4,23.4
2023-07-28,14.0,14.77,31.51,23.14,37.0,25.6
2023-08-04,29.0,36.83,39.35,38.09,50.8,27.8
2023-08-11,35.0,39.34,41.17,40.26,37.8,16.0
2023-08-18,18.0,47.76,46.45,47.11,48.4,45.6
2023-08-25,32.0,39.78,38.34,39.06,49.0,18.6
2023-09-01,33.0,60.19,65.79,62.99,64.6,47.6
2023-09-08,57.0,25.7,43.14,34.42,79.2,47.6
2023-09-15,64.0,78.0,81.55,79.77,83.0,60.8
2023-09-22,90.0,104.52,81.97,93.24,83.0,64.0
2023-09-29,86.0,106.11,107.23,106.67,106.4,113.4
2023-10-06,84.0,97.7,100.89,99.3,88.0,67.6
2023-10-13,97.0,68.66,80.26,74.46,87.4,83.4
2023-10-20,74.0,58.34,79.72,69.03,62.6,72.2
2023-10-27,79.0,82.22,92.51,87.37,54.2,65.6
2023-11-03,-6.0,-25.54,-4.32,-14.93,38.6,63.4
2023-11-10,60.0,30.36,16.37,23.36,32.6,-12.0
2023-11-17,-7.0,7.47,22.22,14.85,-69.4,-42.0
2023-11-24,10.0,-28.54,-23.83,-26.18,-45.6,16.8
2023-12-01,-117.0,-104.35,-98.81,-101.58,-50.6,5.0
2023-12-08,-55.0,-70.27,-39.94,-55.1,-82.0,-148.4
2023-12-15,-87.0,-89.98,-81.39,-85.68,-108.4,-81.4
2023-12-22,-87.0,-92.23,-60.09,-76.16,-134.4,-113.0
2023-12-29,-14.0,-52.81,-7.07,-29.94,-92.0,-44.6
2024-01-05,-140.0,-125.48,-121.92,-123.7,-87.4,-9.4
2024-01-12,-154.0,-151.12,-132.37,-141.74,-133.0,-185.6
2024-01-19,-326.0,-295.2,-278.34,-286.77,-137.6,-158.6
2024-01-26,-197.0,-184.23,-165.66,-174.95,-197.0,-385.4
2024-02-02,-75.0,-105.14,-85.94,-95.54,-196.8,-196.8
2024-02-09,-54.0,-83.69,-78.93,-81.31,-144.0,-22.2
2024-02-16,-60.0,-99.58,-88.3,-93.94,-173.2,-83.2
2024-02-23,-96.0,-106.68,-111.19,-108.94,-125.4,-12.2
2024-03-01,-40.0,-65.02,-52.38,-58.7,-112.8,-83.4
2024-03-08,-9.0,-0.48,11.14,5.33,-87.4,-14.6
2024-03-15,7.0,-8.76,10.49,0.87,-38.0,40.4
2024-03-22,-36.0,-46.47,-37.02,-41.74,-23.6,21.4
2024-03-29,-37.0,-44.28,-26.04,-35.16,-7.6,-20.0
2024-04-05,24.0,-16.24,4.85,-5.69,24.6,-4.8
2024-04-12,50.0,37.95,54.43,46.19,70.8,70.2
2024-04-19,92.0,56.79,69.26,63.03,58.4,37.6
2024-04-26,59.0,27.66,61.78,44.72,67.8,101.4
2024-05-03,85.0,86.2,77.25,81.72,81.6,72.8
2024-05-10,71.0,76.45,90.42,83.43,93.6,97.0
2024-05-17,79.0,91.89,88.24,90.06,87.0,64.4
2024-05-24,85.0,79.57,86.18,82.87,106.0,98.0
2024-05-31,96.0,80.94,87.83,84.38,105.0,84.0
2024-06-07,74.0,75.88,82.82,79.35,93.8,84.8
2024-06-14,71.0,66.09,76.64,71.37,77.0,57.2
2024-06-21,57.0,20.72,48.33,34.53,86.2,80.2
2024-06-28,32.0,10.64,36.27,23.45,73.2,44.0
2024-07-05,65.0,16.31,46.53,31.42,52.0,10.8
2024-07-12,10.0,2.63,39.62,21.13,47.0,60.0
2024-07-19,22.0,-1.68,21.1,9.71,30.6,-6.4
2024-07-26,18.0,27.96,38.45,33.21,36.4,27.8
2024-08-02,21.0,3.58,26.24,14.91,34.8,16.4
2024-08-09,-6.0,13.52,32.48,23.0,41.8,28.0
2024-08-16,35.0,26.75,35.17,30.96,45.2,-2.6
2024-08-23,35.0,53.82,55.34,54.58,45.4,35.2
2024-08-30,13.0,27.27,30.81,29.04,45.2,34.8
2024-09-06,40.0,59.44,59.09,59.27,66.8,34.6
2024-09-13,58.0,73.87,66.91,70.39,84.6,57.8
2024-09-20,48.0,67.85,63.58,65.71,87.4,60.8
2024-09-27,55.0,82.39,77.25,79.82,98.2,58.8
2024-10-04,82.0,96.24,79.25,87.75,100.0,56.8
2024-10-11,76.0,84.53,80.46,82.49,87.8,69.8
2024-10-18,79.0,52.2,72.43,62.32,70.8,59.0
2024-10-25,79.0,87.29,79.81,83.55,78.2,86.4
2024-11-01,67.0,62.7,61.52,62.11,26.8,27.6
2024-11-08,41.0,54.67,50.68,52.68,28.4,68.6
2024-11-15,-3.0,13.8,0.07,6.93,-24.8,-12.2
2024-11-22,-2.0,-10.99,1.2,-4.9,-27.6,-5.8
2024-11-29,-30.0,-44.55,-55.47,-50.01,-43.4,-17.8
2024-12-06,-190.0,-156.54,-175.82,-166.18,-65.6,-52.2
2024-12-13,-125.0,-137.76,-123.6,-130.68,-98.2,-222.6
2024-12-20,-93.0,-92.33,-77.37,-84.85,-133.6,-160.4
2024-12-27,-116.0,-107.25,-94.96,-101.1,-108.6,-68.0
2025-01-03,-40.0,-75.59,-52.38,-63.98,-66.8,-74.2
2025-01-10,-258.0,-231.68,-268.79,-250.24,-131.6,-104.8
2025-01-17,-223.0,-230.96,-266.99,-248.98,-179.4,-305.8
2025-01-24,-321.0,-310.89,-313.49,-312.19,-179.2,-222.8
2025-01-31,-174.0,-156.45,-143.63,-150.04,-177.8,-319.6
2025-02-07,-100.0,-107.95,-100.43,-104.19,-132.4,-128.6
2025-02-14,-196.0,-170.53,-175.35,-172.94,-141.8,-109.4
2025-02-21,-261.0,-254.38,-283.61,-269.0,-157.4,-211.6
2025-02-28,-80.0,-94.99,-78.24,-86.62,-94.0,-197.6
2025-03-07,-62.0,-63.13,-66.89,-65.01,-58.2,-44.2
2025-03-14,9.0,-19.7,-7.22,-13.46,-32.8,-36.6
2025-03-21,37.0,16.01,18.92,17.46,-39.0,2.8
2025-03-28,29.0,15.23,15.74,15.49,-7.8,68.2
2025-04-04,57.0,36.61,46.27,41.44,14.8,51.6
2025-04-11,16.0,-9.32,23.37,7.02,54.8,97.0
2025-04-18,88.0,42.53,44.29,43.41,61.0,22.2
2025-04-25,107.0,86.84,93.06,89.95,47.6,74.6
2025-05-02,104.0,83.52,94.52,89.02,81.8,141.2
2025-05-09,110.0,95.23,97.64,96.43,84.0,106.2
2025-05-16,120.0,96.18,91.14,93.66,83.2,109.2
2025-05-23,101.0,56.49,94.45,75.47,101.2,138.0
2025-05-30,122.0,85.38,99.53,92.46,96.4,96.2
2025-06-06,109.0,79.89,88.92,84.41,90.2,115.8
2025-06-13,95.0,81.54,78.99,80.26,71.8,90.6
2025-06-20,96.0,64.87,78.4,71.64,76.4,99.6
2025-06-27,55.0,1.9,39.55,20.72,66.2,85.8
2025-07-04,53.0,17.66,39.22,28.44,49.2,38.0
2025-07-11,46.0,15.11,30.01,22.56,41.8,45.6
2025-07-18,23.0,12.93,24.67,18.8,31.2,35.4
2025-07-25,48.0,7.49,13.06,10.28,21.8,13.6
2025-08-01,7.0,3.76,33.11,18.43,27.4,53.6
2025-08-08,56.0,35.02,32.31,33.66,36.0,15.6
2025-08-15,13.0,8.73,25.77,17.25,32.0,52.0
2025-08-22,18.0,32.85,19.49,26.17,40.2,21.2
2025-08-29,45.0,52.69,43.75,48.22,32.4,10.2
2025-09-05,71.0,65.35,54.01,59.68,54.6,67.2
2025-09-12,90.0,80.86,76.13,78.5,74.2,90.6
2025-09-19,76.0,65.12,68.27,66.69,76.6,92.4
2025-09-26,52.0,81.4,68.96,75.18,81.6,81.0
2025-10-03,80.0,83.22,61.61,72.41,97.6,68.0
2025-10-10,81.0,75.48,68.71,72.09,85.0,67.4
2025-10-17,86.0,72.9,72.17,72.54,81.0,77.0
2025-10-24,74.0,58.5,63.51,61.0,65.2,70.2
2025-10-31,33.0,25.99,15.22,20.6,39.0,47.8
2025-11-07,45.0,23.7,3.47,13.59,39.0,33.0
2025-11-14,-14.0,-19.38,-20.91,-20.14,22.2,28.2
2025-11-21,-12.0,-15.74,-10.46,-13.1,-22.2,-58.4
2025-11-28,-11.0,-26.46,-24.46,-25.46,-57.6,-47.4
2025-12-05,-178.0,-168.93,-187.15,-178.04,-83.2,-36.6
2025-12-12,-166.0,-160.98,-194.23,-177.61,-94.4,-189.2
2025-12-19,-168.0,-168.19,-211.05,-189.62,-94.8,-166.4
2025-12-26,-37.0,-50.83,-70.31,-60.57,-118.6,-191.8
2026-01-02,-120.0,-115.06,-115.11,-115.08,-112.4,-30.8
2026-01-09,-70.0,-87.49,-72.29,-79.89,-142.8,-150.4
2026-01-16,-120.0,-140.21,-120.99,-130.6,-204.8,-132.0
2026-01-23,-241.0,-215.3,-218.83,-217.07,-190.2,-105.4
2026-01-30,-359.0,-343.25,-283.5,-313.38,-172.0,-222.8
2026-02-06,-252.0,-230.03,-205.74,-217.88,-152.8,-339.8
2026-02-13,-143.0,-125.29,-138.11,-131.7,-156.6,-255.8
2026-02-20,-52.0,-55.63,-25.53,-40.58,-179.0,-165.4
2026-02-27,-131.0,-95.47,-118.48,-106.97,-87.6,39.4
2026-03-06,-38.0,-35.01,-40.14,-37.57,-66.2,-109.6
2026-03-13,34.0,23.49,43.06,33.28,-26.4,1.8
2026-03-20,-54.0,-35.81,-28.34,-32.07,-30.8,29.6
2026-03-27,33.0,22.4,32.92,27.66,-3.0,-26.2
2026-04-03,49.0,45.79,63.27,54.53,9.0,45.0
2026-04-10,60.0,33.78,59.33,46.56,33.4,73.4
2026-04-17,103.0,85.65,81.56,83.6,69.2,95.8
2026-04-24,79.0,68.37,101.82,85.09,60.0,93.8
2026-05-01,63.0,61.96,94.56,78.26,76.0,95.0
2026-05-08,85.0,78.96,90.7,84.83,81.2,68.2
2026-05-15,101.0,94.38,101.31,97.85,91.6,95.4
2026-05-22,92.0,73.46,90.84,82.15,96.8,106.2
2026-05-29,95.0,96.32,108.81,102.56,101.6,96.8
2026-06-05,108.0,89.93,99.56,94.75,97.4,90.8
2026-06-12,73.0,56.34,66.67,61.5,71.6,82.2
2026-06-19,76.0,68.25,69.97,69.11,75.4,76.8
2026-06-26,87.0,73.57,80.27,76.92,64.2,64.8
2026-07-03,61.0,9.5,55.42,32.46,54.0,76.8
2026-07-10,41.0,26.11,53.57,39.84,43.6,50.6
2026-07-17,32.0,9.02,26.77,17.89,33.4,30.8
2026-07-24,28.0,31.66,31.96,31.81,26.6,25.2
2026-07-31,33.0,24.68,25.11,24.89,19.2,20.6
2026-08-07,36.0,19.16,35.75,27.46,34.4,48.2
2026-08-14,16.0,13.72,30.93,22.33,29.4,31.0
2026-08-21,15.0,22.69,27.03,24.86,32.0,18.6
2026-08-28,30.0,37.19,43.26,40.22,34.2,17.2
2026-09-04,40.0,31.94,35.44,33.69,50.0,45.8
2026-09-11,44.0,50.2,45.49,47.85,73.0,63.0
2026-09-18,53.0,62.87,60.86,61.87,73.4,44.4
