week_ending,storage_bcf,weekly_change_bcf,normal_change_bcf,vs_normal_bcf,gap_change_bcf,report_target,report_date,move_report_day,move_next_week,roll_on_report_day,roll_in_next_week
2015-01-09,2854,-235.0,-187.0,-48.0,,2015-01-15,2015-01-15,-0.023471597714951997,-0.05600419386011657,False,False
2015-01-16,2637,-217.0,-170.0,-47.0,1.0,2015-01-22,2015-01-22,-0.04786588970643191,-0.04177774780618693,False,True
2015-01-23,2543,-94.0,-177.0,83.0,130.0,2015-01-29,2015-01-29,-0.05265310461493411,-0.0447527944815963,True,False
2015-01-30,2428,-115.0,-162.6,47.599999999999994,-35.400000000000006,2015-02-05,2015-02-05,-0.023566289413466945,0.04254364712339309,False,False
2015-02-06,2268,-160.0,-174.0,14.0,-33.599999999999994,2015-02-12,2015-02-12,-0.030492334199418214,0.08408903208733831,False,False
2015-02-13,2158,-110.0,-184.8,74.80000000000001,60.80000000000001,2015-02-19,2015-02-19,0.0010591425084642836,-0.049549126245301944,False,True
2015-02-20,1938,-220.0,-137.0,-83.0,-157.8,2015-02-26,2015-02-26,-0.07049959260470262,0.052016077010840545,True,False
2015-02-27,1709,-229.0,-116.4,-112.6,-29.599999999999994,2015-03-05,2015-03-05,0.025669867593544504,-0.03839040462751808,False,False
2015-03-06,1511,-198.0,-117.2,-80.8,31.799999999999997,2015-03-12,2015-03-12,-0.03238855131390461,0.028485790182938064,False,False
2015-03-13,1468,-43.0,-33.8,-9.200000000000003,71.6,2015-03-19,2015-03-19,-0.03733212578344314,-0.051424286648222295,False,False
2015-03-20,1479,11.0,-19.4,30.4,39.6,2015-03-26,2015-03-26,-0.018907001926956712,0.015227825494459335,False,True
2015-03-27,1461,-18.0,-19.8,1.8000000000000007,-28.599999999999998,2015-04-02,2015-04-02,0.04062237294384141,-0.07737400795828064,False,False
2015-04-03,1476,15.0,-3.2,18.2,16.4,2015-04-09,2015-04-09,-0.03536402719510534,0.059879702486078656,False,False
2015-04-10,1539,63.0,38.2,24.799999999999997,6.599999999999998,2015-04-16,2015-04-16,0.027958043653097397,-0.05869378317207041,False,False
2015-04-17,1628,89.0,48.6,40.4,15.600000000000001,2015-04-23,2015-04-23,-0.02920201658681021,0.08335001397346975,False,True
2015-04-24,1711,83.0,53.8,29.200000000000003,-11.199999999999996,2015-04-30,2015-04-30,0.05414799738665954,-0.0061987291540552825,False,False
2015-05-01,1785,74.0,69.6,4.400000000000006,-24.799999999999997,2015-05-07,2015-05-07,-0.015245324447708875,0.09550964540475437,False,False
2015-05-08,1897,112.0,86.2,25.799999999999997,21.39999999999999,2015-05-14,2015-05-14,0.02456793806246438,-0.019809282113730786,False,False
2015-05-15,1989,92.0,87.6,4.400000000000006,-21.39999999999999,2015-05-21,2015-05-21,0.011596283016880093,-0.10992989879336845,False,True
2015-05-22,2101,112.0,96.2,15.799999999999997,11.399999999999991,2015-05-28,2015-05-28,-0.039490719041665456,-0.030009814596995366,True,False
2015-05-29,2233,132.0,92.8,39.2,23.400000000000006,2015-06-04,2015-06-04,-0.003041878937279918,0.07304663319761906,False,False
2015-06-05,2344,111.0,90.0,21.0,-18.200000000000003,2015-06-11,2015-06-11,-0.023094092772430352,-0.017137191010716535,False,False
2015-06-12,2433,89.0,84.2,4.799999999999997,-16.200000000000003,2015-06-18,2015-06-18,-0.027700659321825416,0.025947770351422816,False,False
2015-06-19,2506,73.0,88.2,-15.200000000000003,-20.0,2015-06-25,2015-06-25,0.03245064276963183,-0.009873097925283902,False,True
2015-06-26,2579,73.0,69.6,3.4000000000000057,18.60000000000001,2015-07-02,2015-07-02,0.013916383090692541,-0.018598549579505796,False,False
2015-07-03,2666,87.0,76.0,11.0,7.599999999999994,2015-07-09,2015-07-09,0.015154652513115097,0.04588619197060284,False,False
2015-07-10,2764,98.0,71.2,26.799999999999997,15.799999999999997,2015-07-16,2015-07-16,-0.022176893084362437,-0.013404118256195918,False,False
2015-07-17,2823,59.0,54.2,4.799999999999997,-22.0,2015-07-23,2015-07-23,-0.0283583115871342,-0.017192435776960835,False,True
2015-07-24,2872,49.0,48.6,0.3999999999999986,-4.399999999999999,2015-07-30,2015-07-30,-0.04174643483287821,0.01612651952457922,True,False
2015-07-31,2910,38.0,54.4,-16.4,-16.799999999999997,2015-08-06,2015-08-06,0.0053466056156958874,-0.009285789340574446,False,False
2015-08-07,2975,65.0,45.6,19.4,35.8,2015-08-13,2015-08-13,-0.05037793249226907,-0.011548243140005798,False,False
2015-08-14,3027,52.0,54.0,-2.0,-21.4,2015-08-20,2015-08-20,0.014257244952698866,-0.043396425510937475,False,False
2015-08-21,3094,67.0,64.8,2.200000000000003,4.200000000000003,2015-08-27,2015-08-27,-0.02063478423489662,0.032447334484691503,True,True
2015-08-28,3190,96.0,53.8,42.2,40.0,2015-09-03,2015-09-03,0.02866375432292445,-0.011812550249794884,False,False
2015-09-04,3262,72.0,61.2,10.799999999999997,-31.400000000000006,2015-09-10,2015-09-10,0.011998668204272978,-0.011621550520834467,False,False
2015-09-11,3336,74.0,78.2,-4.200000000000003,-15.0,2015-09-17,2015-09-17,-0.003012101436663861,-0.023270121126106713,False,False
2015-09-18,3441,105.0,85.8,19.200000000000003,23.400000000000006,2015-09-24,2015-09-24,0.008527212142922624,-0.06291883263496034,False,True
2015-09-25,3537,96.0,95.0,1.0,-18.200000000000003,2015-10-01,2015-10-01,-0.03671981685557335,0.02636527442636838,False,False
2015-10-02,3634,97.0,89.8,7.200000000000003,6.200000000000003,2015-10-08,2015-10-08,0.009654109570613634,-0.018178581020997675,False,False
2015-10-09,3731,97.0,85.0,12.0,4.799999999999997,2015-10-15,2015-10-15,-0.026153097662083402,-0.02769350396654313,False,False
2015-10-16,3813,82.0,88.8,-6.799999999999997,-18.799999999999997,2015-10-22,2015-10-22,-0.007515745619424807,-0.0555818049877832,False,True
2015-10-23,3875,62.0,70.6,-8.599999999999994,-1.7999999999999972,2015-10-29,2015-10-29,0.1045239534206639,0.04631864992349011,True,False
2015-10-30,3931,56.0,58.4,-2.3999999999999986,6.199999999999996,2015-11-05,2015-11-05,0.04410571944227082,-0.04499032517319024,False,False
2015-11-06,3985,54.0,19.2,34.8,37.199999999999996,2015-11-12,2015-11-12,-0.0013265626440481793,0.007054717256007592,False,False
2015-11-13,4000,15.0,-18.2,33.2,-1.5999999999999943,2015-11-19,2015-11-19,-0.030718340975295355,-0.028522490947624046,False,False
2015-11-20,4009,9.0,-34.0,43.0,9.799999999999997,2015-11-26,2015-11-27,0.002716073904396099,-0.011823595884275395,True,False
2015-11-27,3956,-53.0,-56.4,3.3999999999999986,-39.6,2015-12-03,2015-12-03,0.007363140761299292,-0.07916423713563359,False,False
2015-12-04,3880,-76.0,-47.4,-28.6,-32.0,2015-12-10,2015-12-10,-0.0230571557094853,-0.13815039325946188,False,False
2015-12-11,3846,-34.0,-139.0,105.0,133.6,2015-12-17,2015-12-17,-0.01974674434069712,0.14507422826387384,False,False
2015-12-18,3814,-32.0,-116.6,84.6,-20.400000000000006,2015-12-24,2015-12-24,0.022932212728172474,0.14004049879737623,False,True
2015-12-25,3756,-58.0,-95.0,37.0,-47.599999999999994,2015-12-31,2015-12-31,0.05406718159618984,0.05615948267681814,False,False
2016-01-01,3643,-113.0,-140.4,27.400000000000006,-9.599999999999994,2016-01-07,2016-01-07,0.04948310426439673,-0.10760205655552924,False,False
2016-01-08,3475,-168.0,-180.6,12.599999999999994,-14.800000000000011,2016-01-14,2016-01-14,-0.05900082776900706,0.0,False,False
2016-01-15,3297,-178.0,-164.8,-13.199999999999989,-25.799999999999983,2016-01-21,2016-01-21,0.00939855636767073,0.020371033616042866,False,True
2016-01-22,3086,-211.0,-178.6,-32.400000000000006,-19.200000000000017,2016-01-28,2016-01-28,-0.0032029173031202784,-0.10119359394033867,True,False
2016-01-29,2934,-152.0,-162.6,10.599999999999994,43.0,2016-02-04,2016-02-04,-0.03292072957923731,0.011094392864412828,False,False
2016-02-05,2864,-70.0,-167.6,97.6,87.0,2016-02-11,2016-02-11,-0.0257440188982212,-0.10013621775371717,False,False
2016-02-12,2701,-163.0,-169.2,6.199999999999989,-91.4,2016-02-18,2016-02-18,-0.04745225088061944,-0.07918816034966547,False,False
2016-02-19,2584,-117.0,-146.4,29.400000000000006,23.200000000000017,2016-02-25,2016-02-25,-0.0384111606381522,-0.04299163958906943,True,True
2016-02-26,2536,-48.0,-139.2,91.19999999999999,61.79999999999998,2016-03-03,2016-03-03,-0.023516256876130737,0.08701133456208182,False,False
2016-03-04,2479,-57.0,-138.4,81.4,-9.799999999999983,2016-03-10,2016-03-10,0.020339692000284848,0.07952631361833229,False,False
2016-03-11,2478,-1.0,-71.2,70.2,-11.200000000000003,2016-03-17,2016-03-17,0.03575562729209725,-0.06950953160934059,False,False
2016-03-18,2493,15.0,-20.6,35.6,-34.6,2016-03-24,2016-03-24,0.00666667171051416,0.07978710467171457,False,True
2016-03-25,2468,-25.0,-24.8,-0.1999999999999993,-35.8,2016-03-31,2016-03-31,-0.018711069109028533,0.029672731585463574,False,False
2016-04-01,2480,12.0,-15.4,27.4,27.599999999999998,2016-04-07,2016-04-07,0.05448019392175407,-0.024073308893658996,False,False
2016-04-08,2477,-3.0,21.4,-24.4,-51.8,2016-04-14,2016-04-14,-0.032953547973102126,0.04854843718826496,False,False
2016-04-15,2484,7.0,48.4,-41.4,-17.0,2016-04-21,2016-04-21,-0.0004834070678944036,0.004823931259489989,False,True
2016-04-22,2557,73.0,53.6,19.4,60.8,2016-04-28,2016-04-28,0.04076187298862288,-0.0009629723608666207,True,False
2016-04-29,2625,68.0,58.4,9.600000000000001,-9.799999999999997,2016-05-05,2016-05-05,-0.030830071392559222,0.037347756919758,False,False
2016-05-06,2681,56.0,81.4,-25.400000000000006,-35.00000000000001,2016-05-12,2016-05-12,-0.008318035759989462,-0.05533120184938389,False,False
2016-05-13,2754,73.0,90.0,-17.0,8.400000000000006,2016-05-19,2016-05-19,0.018812489050036074,-0.037985563014649726,False,False
2016-05-20,2825,71.0,98.8,-27.799999999999997,-10.799999999999997,2016-05-26,2016-05-26,-0.014665205608150989,0.2001611119852451,False,True
2016-05-27,2907,82.0,99.2,-17.200000000000003,10.599999999999994,2016-06-02,2016-06-02,0.010029306533304694,0.08447877124325964,False,False
2016-06-03,2972,65.0,94.4,-29.400000000000006,-12.200000000000003,2016-06-09,2016-06-09,0.05862058313797547,-0.014239293542609777,False,False
2016-06-10,3041,69.0,86.4,-17.400000000000006,12.0,2016-06-16,2016-06-16,-0.005797158280759329,0.04472137145655697,False,False
2016-06-17,3103,62.0,86.8,-24.799999999999997,-7.3999999999999915,2016-06-23,2016-06-23,0.007813959180695051,0.08044180954875013,False,True
2016-06-24,3140,37.0,80.2,-43.2,-18.400000000000006,2016-06-30,2016-06-30,0.02108255356463573,-0.04297601187049538,False,False
2016-07-01,3179,39.0,77.6,-38.599999999999994,4.6000000000000085,2016-07-07,2016-07-07,-0.00323568968306831,-0.018169087302858378,False,False
2016-07-08,3243,64.0,80.4,-16.400000000000006,22.19999999999999,2016-07-14,2016-07-14,-0.003660322713267661,-0.012917723973678297,False,False
2016-07-15,3277,34.0,59.2,-25.200000000000003,-8.799999999999997,2016-07-21,2016-07-21,0.012710421769640434,0.0650723682763249,False,True
2016-07-22,3294,17.0,49.6,-32.6,-7.399999999999999,2016-07-28,2016-07-28,0.07252951749007919,-0.013667567162815475,True,False
2016-07-29,3288,-6.0,50.0,-56.0,-23.4,2016-08-04,2016-08-04,-0.0017626924841152025,-0.10520369478760638,False,False
2016-08-05,3317,29.0,57.2,-28.200000000000003,27.799999999999997,2016-08-11,2016-08-11,-0.003912364152868664,0.047090002436330214,False,False
2016-08-12,3339,22.0,55.6,-33.6,-5.399999999999999,2016-08-18,2016-08-18,0.020782938449020683,0.06233899630081274,False,False
2016-08-19,3350,11.0,63.8,-52.8,-19.199999999999996,2016-08-25,2016-08-25,0.017724658517483505,-0.019156279541976406,False,True
2016-08-26,3401,51.0,72.4,-21.400000000000006,31.39999999999999,2016-09-01,2016-09-01,-0.033459725038779586,0.001789184959053669,False,False
2016-09-02,3437,36.0,63.0,-27.0,-5.599999999999994,2016-09-08,2016-09-08,0.047436793183883386,0.04221804370804416,False,False
2016-09-09,3499,62.0,67.8,-5.799999999999997,21.200000000000003,2016-09-15,2016-09-15,0.013067622991738581,0.021295367243046037,False,False
2016-09-16,3551,52.0,81.4,-29.400000000000006,-23.60000000000001,2016-09-22,2016-09-22,-0.0221606267354979,-0.01042197978771564,False,True
2016-09-23,3600,49.0,96.6,-47.599999999999994,-18.19999999999999,2016-09-29,2016-09-29,0.002368537018361261,0.029962265334041005,True,False
2016-09-30,3680,80.0,96.0,-16.0,31.599999999999994,2016-10-06,2016-10-06,0.002627303821477245,0.07455300192617043,False,False
2016-10-07,3759,79.0,93.0,-14.0,2.0,2016-10-13,2016-10-13,0.03999923832634722,-0.06172895647243215,False,False
2016-10-14,3836,77.0,81.6,-4.599999999999994,9.400000000000006,2016-10-20,2016-10-20,-0.009190381077047949,-0.1278623470563922,False,False
2016-10-21,3909,73.0,79.0,-6.0,-1.4000000000000057,2016-10-27,2016-10-27,0.012011060887058722,0.0018073796526063557,True,True
2016-10-28,3963,54.0,65.0,-11.0,-5.0,2016-11-03,2016-11-03,-0.008271941235566072,-0.05074226160759965,False,False
2016-11-04,4017,54.0,37.8,16.200000000000003,27.200000000000003,2016-11-10,2016-11-10,-0.0217972130170474,0.0771158079902563,False,False
2016-11-11,4047,30.0,2.4,27.6,11.399999999999999,2016-11-17,2016-11-17,-0.022316591125839724,0.13218937702525857,False,False
2016-11-18,4045,-2.0,-45.2,43.2,15.600000000000001,2016-11-24,2016-11-25,0.019310046792652802,0.10775636604046546,False,True
2016-11-25,3995,-50.0,-17.8,-32.2,-75.4,2016-12-01,2016-12-01,0.044633371086495455,0.052789983195949075,False,False
2016-12-02,3953,-42.0,-76.2,34.2,66.4,2016-12-08,2016-12-08,0.02521372521304599,-0.07325476941453468,False,False
2016-12-09,3806,-147.0,-55.2,-91.8,-126.0,2016-12-15,2016-12-15,-0.030400949450973602,0.02983585900866781,False,False
2016-12-16,3597,-209.0,-110.0,-99.0,-7.200000000000003,2016-12-22,2016-12-22,-0.0011299290495949688,0.051236727341295474,False,True
2016-12-23,3360,-237.0,-82.4,-154.6,-55.599999999999994,2016-12-29,2016-12-29,-0.033112186761422135,-0.14616057804167593,True,False
2016-12-30,3311,-49.0,-110.6,61.599999999999994,216.2,2017-01-05,2017-01-05,0.0018348757431387863,0.03394226338705897,False,False
2017-01-06,3160,-151.0,-171.2,20.19999999999999,-41.400000000000006,2017-01-12,2017-01-12,0.04902644194378558,-0.055249231473346594,False,False
2017-01-13,2917,-243.0,-183.8,-59.19999999999999,-79.39999999999998,2017-01-19,2017-01-19,0.019790746079958232,0.004148136011739689,False,False
2017-01-20,2798,-119.0,-154.6,35.599999999999994,94.79999999999998,2017-01-26,2017-01-26,0.01489451199636016,-0.05938719464658182,False,True
2017-01-27,2711,-87.0,-166.6,79.6,44.0,2017-02-02,2017-02-02,0.005979578272701458,-0.014538815926645077,False,False
2017-02-03,2559,-152.0,-137.2,-14.800000000000011,-94.4,2017-02-09,2017-02-09,0.0047870220662868945,-0.09581967974624384,False,False
2017-02-10,2445,-114.0,-157.8,43.80000000000001,58.60000000000002,2017-02-16,2017-02-16,-0.024572913248306794,-0.08287900485325062,False,False
2017-02-17,2356,-89.0,-175.6,86.6,42.79999999999998,2017-02-23,2017-02-23,0.009598881471371334,0.06901827089584633,False,True
2017-02-24,2363,7.0,-125.2,132.2,45.599999999999994,2017-03-02,2017-03-02,0.0017847144086577948,0.058860906541184255,False,False
2017-03-03,2295,-68.0,-126.8,58.8,-73.39999999999999,2017-03-09,2017-03-09,0.024852327312845812,-0.02450770296845528,False,False
2017-03-10,2242,-53.0,-89.2,36.2,-22.599999999999994,2017-03-16,2017-03-16,-0.026858659407135388,0.050069307120742534,False,False
2017-03-17,2092,-150.0,-14.8,-135.2,-171.39999999999998,2017-03-23,2017-03-23,0.013197222233348516,0.044864898020129385,False,True
2017-03-24,2049,-43.0,-29.4,-13.600000000000001,121.6,2017-03-30,2017-03-30,0.005026725188124415,0.04293824360971077,True,False
2017-03-31,2051,2.0,-19.0,21.0,34.6,2017-04-06,2017-04-06,0.01970658164769934,-0.031719673645231206,False,False
2017-04-07,2061,10.0,11.2,-1.1999999999999993,-22.2,2017-04-13,2017-04-13,0.012472865672488842,-0.03982824960266629,False,False
2017-04-14,2115,54.0,35.0,19.0,20.2,2017-04-20,2017-04-20,-0.00819677459743251,0.025009169049498015,False,True
2017-04-21,2189,74.0,55.4,18.6,-0.3999999999999986,2017-04-27,2017-04-27,0.030405138425188882,-0.016498419898788752,True,False
2017-04-28,2256,67.0,59.2,7.799999999999997,-10.800000000000004,2017-05-04,2017-05-04,-0.013096481751731393,0.05792530965294285,False,False
2017-05-05,2301,45.0,72.4,-27.400000000000006,-35.2,2017-05-11,2017-05-11,0.02519625564763417,-0.05918164992528907,False,False
2017-05-12,2369,68.0,85.8,-17.799999999999997,9.600000000000009,2017-05-18,2017-05-18,-0.003137746761258553,0.0006283674350200386,False,False
2017-05-19,2444,75.0,91.0,-16.0,1.7999999999999972,2017-05-25,2017-05-25,-0.007821123826986076,-0.059859348839792714,False,True
2017-05-26,2525,81.0,97.6,-16.599999999999994,-0.5999999999999943,2017-06-01,2017-06-01,-0.020727901908420554,0.006627002152705286,False,False
2017-06-02,2631,106.0,93.4,12.599999999999994,29.19999999999999,2017-06-08,2017-06-08,0.002645548928277508,0.009204495432544979,False,False
2017-06-09,2709,78.0,85.6,-7.599999999999994,-20.19999999999999,2017-06-15,2017-06-15,0.041081049522469604,-0.05446722276862448,False,False
2017-06-16,2770,61.0,80.2,-19.200000000000003,-11.600000000000009,2017-06-22,2017-06-22,0.00034565956782728335,0.049875565356988005,False,True
2017-06-23,2816,46.0,74.2,-28.200000000000003,-9.0,2017-06-29,2017-06-29,-0.008184644504753757,-0.06029593428497315,True,False
2017-06-30,2878,62.0,67.4,-5.400000000000006,22.799999999999997,2017-07-06,2017-07-06,0.016760203042174737,0.02496281253141408,False,False
2017-07-07,2936,58.0,74.2,-16.200000000000003,-10.799999999999997,2017-07-13,2017-07-13,-0.00807267417615809,0.02731682774901567,False,False
2017-07-14,2963,27.0,56.8,-29.799999999999997,-13.599999999999994,2017-07-20,2017-07-20,-0.007529910199203238,-0.02461863544369791,False,False
2017-07-21,2980,17.0,45.0,-28.0,1.7999999999999972,2017-07-27,2017-07-27,0.015272679462411176,-0.05860582967868777,True,True
2017-07-28,2999,19.0,41.2,-22.200000000000003,5.799999999999997,2017-08-03,2017-08-03,-0.0039209304493608155,0.0639803115495281,False,False
2017-08-04,3029,30.0,58.6,-28.6,-6.399999999999999,2017-08-10,2017-08-10,0.034768328770095946,-0.01893867771730484,False,False
2017-08-11,3082,53.0,48.2,4.799999999999997,33.4,2017-08-17,2017-08-17,0.013404495560120244,0.006805055749413036,False,False
2017-08-18,3125,43.0,53.8,-10.799999999999997,-15.599999999999994,2017-08-24,2017-08-24,0.007146502753667017,0.030391413136888312,False,True
2017-08-25,3155,30.0,71.4,-41.400000000000006,-30.60000000000001,2017-08-31,2017-08-31,0.03378815242479494,-0.05060096444642159,False,False
2017-09-01,3220,65.0,54.4,10.600000000000001,52.00000000000001,2017-09-07,2017-09-07,-0.006353491887560292,0.02941874307353909,False,False
2017-09-08,3311,91.0,63.8,27.200000000000003,16.6,2017-09-14,2017-09-14,0.003916403655904732,-0.04122918814694021,False,False
2017-09-15,3408,97.0,71.8,25.200000000000003,-2.0,2017-09-21,2017-09-21,-0.04901643311647175,0.0238145951935671,False,True
2017-09-22,3466,58.0,81.8,-23.799999999999997,-49.0,2017-09-28,2017-09-28,0.014355106558846087,-0.03165242749251718,True,False
2017-09-29,3508,42.0,93.6,-51.599999999999994,-27.799999999999997,2017-10-05,2017-10-05,-0.0057990814051329664,0.02232839133287645,False,False
2017-10-06,3595,87.0,88.8,-1.7999999999999972,49.8,2017-10-12,2017-10-12,0.034028510383718125,-0.039582163274407556,False,False
2017-10-13,3645,50.0,76.0,-26.0,-24.200000000000003,2017-10-19,2017-10-19,0.006635196333279358,0.00589979095669535,False,False
2017-10-20,3710,65.0,76.6,-11.599999999999994,14.400000000000006,2017-10-26,2017-10-26,-0.009984522737622736,0.015450895360799688,False,True
2017-10-27,3775,65.0,59.8,5.200000000000003,16.799999999999997,2017-11-02,2017-11-02,0.01441344668873712,0.08644339092267961,False,False
2017-11-03,3790,15.0,51.4,-36.4,-41.6,2017-11-09,2017-11-09,0.007843207380680228,-0.047026119700540825,False,False
2017-11-10,3772,-18.0,17.0,-35.0,1.3999999999999986,2017-11-16,2017-11-16,-0.00880486720842022,-0.08187318838149071,False,False
2017-11-17,3726,-46.0,-18.4,-27.6,7.399999999999999,2017-11-23,2017-11-24,-0.053636786830642436,0.08449017885590071,False,True
2017-11-24,3693,-33.0,-55.2,22.200000000000003,49.800000000000004,2017-11-30,2017-11-30,-0.04965552772027726,-0.0905940729260406,False,False
2017-12-01,3695,2.0,-74.8,76.8,54.599999999999994,2017-12-07,2017-12-07,-0.05595123974615812,-0.029008825288659335,False,False
2017-12-08,3626,-69.0,-62.0,-7.0,-83.8,2017-12-14,2017-12-14,-0.011483696977856783,-0.03256628745795098,False,False
2017-12-15,3444,-182.0,-134.2,-47.80000000000001,-40.80000000000001,2017-12-21,2017-12-21,-0.01490000185988094,0.12807968867768038,False,True
2017-12-22,3332,-112.0,-118.6,6.599999999999994,54.400000000000006,2017-12-28,2017-12-28,0.06229902333992343,-0.041694585651207206,True,False
2017-12-29,3126,-206.0,-84.0,-122.0,-128.6,2018-01-04,2018-01-04,-0.04348503796234304,0.06843715768781733,False,False
2018-01-05,2767,-359.0,-161.8,-197.2,-75.19999999999999,2018-01-11,2018-01-11,0.05944996121047885,0.03222477948641833,False,False
2018-01-12,2584,-183.0,-218.6,35.599999999999994,232.79999999999998,2018-01-18,2018-01-18,-0.013393821541321405,0.07779694134534809,False,False
2018-01-19,2296,-288.0,-164.6,-123.4,-159.0,2018-01-25,2018-01-25,-0.01782681925709584,-0.18808226950358864,False,True
2018-01-26,2197,-99.0,-153.4,54.400000000000006,177.8,2018-02-01,2018-02-01,-0.04752216757891348,-0.0572819717192915,False,False
2018-02-02,2078,-119.0,-143.0,24.0,-30.400000000000006,2018-02-08,2018-02-08,-0.0018521494784279335,-0.04435068469632075,False,False
2018-02-09,1884,-194.0,-165.2,-28.80000000000001,-52.80000000000001,2018-02-15,2018-02-15,-0.002709492553868209,0.017291526681358027,False,False
2018-02-16,1760,-124.0,-138.2,14.199999999999989,43.0,2018-02-22,2018-02-22,-0.009446454916268832,0.024007113601529628,False,True
2018-02-23,1682,-78.0,-105.6,27.599999999999994,13.400000000000006,2018-03-01,2018-03-01,0.011556474879085066,0.021269627558195725,False,False
2018-03-02,1625,-57.0,-130.6,73.6,46.0,2018-03-08,2018-03-08,-0.007590822089897253,-0.02759051125745482,False,False
2018-03-09,1532,-93.0,-118.0,25.0,-48.599999999999994,2018-03-15,2018-03-15,-0.01847796581665384,-0.024161194214688098,False,False
2018-03-16,1446,-86.0,-57.8,-28.200000000000003,-53.2,2018-03-22,2018-03-22,-0.007992395728453783,0.043371258696899395,False,True
2018-03-23,1383,-63.0,-42.0,-21.0,7.200000000000003,2018-03-29,2018-03-29,0.012889180782952203,-0.011777855971389917,True,False
2018-03-30,1354,-29.0,-33.8,4.799999999999997,25.799999999999997,2018-04-05,2018-04-05,-0.01594692934726849,0.004103776054888542,False,False
2018-04-06,1335,-19.0,2.4,-21.4,-26.199999999999996,2018-04-12,2018-04-12,0.004103776054888542,-0.009726983516386789,False,False
2018-04-13,1299,-36.0,35.6,-71.6,-50.199999999999996,2018-04-19,2018-04-19,-0.02926676516392912,0.0587653121175753,False,False
2018-04-20,1281,-18.0,62.8,-80.8,-9.200000000000003,2018-04-26,2018-04-26,0.012484587028411376,-0.03425610801557366,True,True
2018-04-27,1343,62.0,68.4,-6.400000000000006,74.39999999999999,2018-05-03,2018-05-03,-0.010219022444181602,0.031771560894418016,False,False
2018-05-04,1432,89.0,67.8,21.200000000000003,27.60000000000001,2018-05-10,2018-05-10,0.027744494179914758,0.015864981941619005,False,False
2018-05-11,1538,106.0,91.2,14.799999999999997,-6.400000000000006,2018-05-17,2018-05-17,0.01550962008018475,0.02793769881450925,False,False
2018-05-18,1629,91.0,86.6,4.400000000000006,-10.399999999999991,2018-05-24,2018-05-24,0.008882881258480468,0.007455078971666529,False,True
2018-05-25,1725,96.0,95.6,0.4000000000000057,-4.0,2018-05-31,2018-05-31,0.022957977131631724,-0.007480427973060699,False,False
2018-06-01,1817,92.0,106.4,-14.400000000000006,-14.800000000000011,2018-06-07,2018-06-07,0.011672002903047485,0.011874557688729137,False,False
2018-06-08,1913,96.0,92.2,3.799999999999997,18.200000000000003,2018-06-14,2018-06-14,0.0006747149549191089,0.003367003439580296,False,False
2018-06-15,2008,95.0,83.2,11.799999999999997,8.0,2018-06-21,2018-06-21,0.0037043040120070536,-0.011834406127981811,False,True
2018-06-22,2074,66.0,72.0,-6.0,-17.799999999999997,2018-06-28,2018-06-28,-0.01886848203069813,-0.028287507290847724,True,False
2018-06-29,2152,78.0,69.2,8.799999999999997,14.799999999999997,2018-07-05,2018-07-05,-0.0115648717193928,-0.014199728506786302,False,False
2018-07-06,2203,51.0,77.0,-26.0,-34.8,2018-07-12,2018-07-12,-0.01137590130053856,-0.01006112619461974,False,False
2018-07-13,2248,45.0,64.4,-19.400000000000006,6.599999999999994,2018-07-19,2018-07-19,0.017486819797125186,0.003964653935250473,False,False
2018-07-20,2272,24.0,45.0,-21.0,-1.5999999999999943,2018-07-26,2018-07-26,0.0018001358460568717,0.01286651546609563,False,True
2018-07-27,2305,33.0,41.8,-8.799999999999997,12.200000000000003,2018-08-02,2018-08-02,0.020811690850834674,0.04818119216227523,False,False
2018-08-03,2353,48.0,54.6,-6.600000000000001,2.1999999999999957,2018-08-09,2018-08-09,0.002032535306571326,-0.016033067991782612,False,False
2018-08-10,2386,33.0,57.2,-24.200000000000003,-17.6,2018-08-16,2018-08-16,-0.010944043765646727,0.019074145881621485,False,False
2018-08-17,2435,49.0,50.0,-1.0,23.200000000000003,2018-08-23,2018-08-23,0.0027026695167660097,-0.03083489005352802,False,True
2018-08-24,2504,69.0,58.4,10.600000000000001,11.600000000000001,2018-08-30,2018-08-30,-0.007280291560757046,-0.03469376198619689,True,False
2018-08-31,2567,63.0,66.6,-3.5999999999999943,-14.199999999999996,2018-09-06,2018-09-06,-0.008263025740995467,0.016103349585673943,False,False
2018-09-07,2636,69.0,76.2,-7.200000000000003,-3.6000000000000085,2018-09-13,2018-09-13,-0.004250833222682049,0.054907682936198965,False,False
2018-09-14,2722,86.0,71.6,14.400000000000006,21.60000000000001,2018-09-20,2018-09-20,0.023114583636836494,0.026526728747355843,False,True
2018-09-21,2768,46.0,79.2,-33.2,-47.60000000000001,2018-09-27,2018-09-27,0.011518997332782499,0.03504617411150668,True,False
2018-09-28,2866,98.0,86.2,11.799999999999997,45.0,2018-10-04,2018-10-04,-0.020329099596285705,0.017849205100825216,False,False
2018-10-05,2956,90.0,91.8,-1.7999999999999972,-13.599999999999994,2018-10-11,2018-10-11,-0.019059918552354338,-0.007476648546507425,False,False
2018-10-12,3037,81.0,79.0,2.0,3.799999999999997,2018-10-18,2018-10-18,-0.037439162723104547,0.0012499840974395937,False,False
2018-10-19,3095,58.0,80.2,-22.200000000000003,-24.200000000000003,2018-10-25,2018-10-25,0.011306657678273213,0.01087138721356573,False,True
2018-10-26,3143,48.0,61.2,-13.200000000000003,9.0,2018-11-01,2018-11-01,-0.007386900247910555,0.09032684962954285,False,False
2018-11-02,3208,65.0,50.6,14.399999999999999,27.6,2018-11-08,2018-11-08,-0.0033812609953516315,0.13077572530398673,False,False
2018-11-09,3247,39.0,24.8,14.2,-0.1999999999999993,2018-11-15,2018-11-15,-0.18054512541642587,0.06472423331820965,False,False
2018-11-16,3113,-134.0,-19.0,-115.0,-129.2,2018-11-22,2018-11-23,-0.032655058367664136,0.0681878202649937,False,True
2018-11-23,3054,-59.0,-50.0,-9.0,106.0,2018-11-29,2018-11-29,-0.01474233380513934,-0.034599465121607276,True,False
2018-11-30,2991,-63.0,-55.4,-7.600000000000001,1.3999999999999986,2018-12-06,2018-12-06,-0.029601350460788156,-0.04805091013236673,False,False
2018-12-07,2914,-77.0,-84.6,7.599999999999994,15.199999999999996,2018-12-13,2018-12-13,-0.0029055912913655835,-0.14062316084453697,False,False
2018-12-14,2773,-141.0,-154.6,13.599999999999994,6.0,2018-12-20,2018-12-20,-0.03913486823462442,-0.08136928456094372,False,False
2018-12-21,2725,-48.0,-121.6,73.6,60.0,2018-12-27,2018-12-27,0.02755914926927505,-0.1793605597579495,True,True
2018-12-28,2705,-20.0,-87.0,67.0,-6.599999999999994,2019-01-03,2019-01-03,-0.004404551153541991,0.008116435394377897,False,False
2019-01-04,2614,-91.0,-182.4,91.4,24.400000000000006,2019-01-10,2019-01-10,-0.005039441645304565,0.13936647139011682,False,False
2019-01-11,2533,-81.0,-223.4,142.4,51.0,2019-01-17,2019-01-17,0.008533240876056336,-0.0713396415079568,False,False
2019-01-18,2370,-163.0,-181.4,18.400000000000006,-124.0,2019-01-24,2019-01-24,0.039156164502131885,-0.09647255136274069,False,True
2019-01-25,2197,-173.0,-146.2,-26.80000000000001,-45.20000000000002,2019-01-31,2019-01-31,-0.014114631076184825,-0.09812143454095767,False,False
2019-02-01,1960,-237.0,-159.6,-77.4,-50.599999999999994,2019-02-07,2019-02-07,-0.04259221224487586,0.008587029992313311,False,False
2019-02-08,1882,-78.0,-153.8,75.80000000000001,153.20000000000002,2019-02-14,2019-02-14,-0.0007770371250885866,0.054455817743673585,False,False
2019-02-15,1705,-177.0,-147.0,-30.0,-105.80000000000001,2019-02-21,2019-02-21,0.022877468532094936,0.04175593277735945,False,True
2019-02-22,1539,-166.0,-100.8,-65.2,-35.2,2019-02-28,2019-02-28,0.0046337674438818865,0.019021320608275438,False,False
2019-03-01,1390,-149.0,-112.6,-36.400000000000006,28.799999999999997,2019-03-07,2019-03-07,0.008761176374794344,-0.0038454576554802777,False,False
2019-03-08,1190,-200.0,-107.8,-92.2,-55.8,2019-03-14,2019-03-14,0.012334988511449207,-0.01198038261034573,False,False
2019-03-15,1143,-47.0,-62.6,15.600000000000001,107.80000000000001,2019-03-21,2019-03-21,0.00035460590110347745,-0.03940513648499011,False,True
2019-03-22,1107,-36.0,-35.6,-0.3999999999999986,-16.0,2019-03-28,2019-03-28,-0.0003687247776787972,-0.025771737649185278,True,False
2019-03-29,1130,23.0,-20.8,43.8,44.199999999999996,2019-04-04,2019-04-04,-0.012782188593907673,0.007914172521450102,False,False
2019-04-05,1155,25.0,1.2,23.8,-19.999999999999996,2019-04-11,2019-04-11,-0.013423025105285369,-0.06754605125899982,False,False
2019-04-12,1247,92.0,22.2,69.8,46.0,2019-04-18,2019-04-18,-0.010784985933028568,0.030065545940283767,False,False
2019-04-19,1339,92.0,53.4,38.6,-31.199999999999996,2019-04-25,2019-04-25,0.02090110151173641,0.02939660972246283,False,True
2019-04-26,1462,123.0,72.4,50.599999999999994,11.999999999999993,2019-05-02,2019-05-02,-0.011902578480851522,0.0023148320305750314,False,False
2019-05-03,1547,85.0,67.6,17.400000000000006,-33.19999999999999,2019-05-09,2019-05-09,-0.005763653498442434,0.016813506750060547,False,False
2019-05-10,1653,106.0,92.8,13.200000000000003,-4.200000000000003,2019-05-16,2019-05-16,0.014504020793932204,-0.023386103241239464,False,False
2019-05-17,1753,100.0,87.2,12.799999999999997,-0.4000000000000057,2019-05-23,2019-05-23,0.013669451462175908,-0.04929458641757112,False,True
2019-05-24,1867,114.0,96.8,17.200000000000003,4.400000000000006,2019-05-30,2019-05-30,-0.0332076723581729,-0.09162638093318087,True,False
2019-05-31,1986,119.0,102.8,16.200000000000003,-1.0,2019-06-06,2019-06-06,-0.022970018986333662,0.0004302714432971033,False,False
2019-06-07,2088,102.0,92.4,9.599999999999994,-6.6000000000000085,2019-06-13,2019-06-13,-0.025898229753435476,-0.06210425718874446,False,False
2019-06-14,2203,115.0,83.8,31.200000000000003,21.60000000000001,2019-06-20,2019-06-20,-0.0408037239607042,0.06167398574544736,False,True
2019-06-21,2301,98.0,66.4,31.599999999999994,0.3999999999999915,2019-06-27,2019-06-27,0.01430143292109709,0.03965095698814092,True,False
2019-06-28,2390,89.0,70.2,18.799999999999997,-12.799999999999997,2019-07-04,2019-07-05,0.05438894418520668,0.014371048175134793,False,False
2019-07-05,2471,81.0,71.0,10.0,-8.799999999999997,2019-07-11,2019-07-11,-0.01152280936704253,-0.05487234509679828,False,False
2019-07-12,2533,62.0,61.8,0.20000000000000284,-9.799999999999997,2019-07-18,2019-07-18,-0.007405810599074081,-0.018980920225817433,False,False
2019-07-19,2569,36.0,41.6,-5.600000000000001,-5.800000000000004,2019-07-25,2019-07-25,0.010752760189274735,-0.018893974836115435,False,True
2019-07-26,2634,65.0,36.6,28.4,34.0,2019-08-01,2019-08-01,-0.013979996670630768,-0.0341834127860251,False,False
2019-08-02,2689,55.0,45.2,9.799999999999997,-18.6,2019-08-08,2019-08-08,0.021373445614519926,0.047715513598516335,False,False
2019-08-09,2738,49.0,50.4,-1.3999999999999986,-11.199999999999996,2019-08-15,2019-08-15,0.040691430958055386,-0.033252980509172025,False,False
2019-08-16,2797,59.0,48.6,10.399999999999999,11.799999999999997,2019-08-22,2019-08-22,-0.005082088282710617,0.06152336569061645,False,True
2019-08-23,2857,60.0,58.6,1.3999999999999986,-9.0,2019-08-29,2019-08-29,0.019793950392867465,0.08352099102078447,True,False
2019-08-30,2941,84.0,67.6,16.400000000000006,15.000000000000007,2019-09-05,2019-09-05,-0.004098362587884763,0.05551433019619034,False,False
2019-09-06,3019,78.0,77.2,0.7999999999999972,-15.600000000000009,2019-09-12,2019-09-12,0.00858367981159014,-0.014084651854467722,False,False
2019-09-13,3103,84.0,79.6,4.400000000000006,3.6000000000000085,2019-09-19,2019-09-19,-0.03826552781934445,-0.04430854917775351,False,False
2019-09-20,3205,102.0,71.2,30.799999999999997,26.39999999999999,2019-09-26,2019-09-26,-0.030022587199508455,-0.04162887293506834,True,True
2019-09-27,3317,112.0,85.4,26.599999999999994,-4.200000000000003,2019-10-03,2019-10-03,0.035843005398365047,-0.04883312957410324,False,False
2019-10-04,3415,98.0,91.8,6.200000000000003,-20.39999999999999,2019-10-10,2019-10-10,-0.0071878264425288,0.044098918963908273,False,False
2019-10-11,3519,104.0,79.6,24.400000000000006,18.200000000000003,2019-10-17,2019-10-17,0.0064921694103733385,-0.0008632255317716497,False,False
2019-10-18,3606,87.0,74.6,12.400000000000006,-12.0,2019-10-24,2019-10-24,0.014789273264451785,0.12828228827417598,False,True
2019-10-25,3695,89.0,63.2,25.799999999999997,13.399999999999991,2019-10-31,2019-10-31,-0.021789024677963176,0.05144526676614691,False,False
2019-11-01,3729,34.0,56.2,-22.200000000000003,-48.0,2019-11-07,2019-11-07,-0.02000066415192925,-0.046142156815456636,False,False
2019-11-08,3732,3.0,29.0,-26.0,-3.799999999999997,2019-11-14,2019-11-14,0.017915542999537237,-0.030689083637400638,False,False
2019-11-15,3638,-94.0,-36.8,-57.2,-31.200000000000003,2019-11-21,2019-11-21,0.003121304569345451,-0.11812396872559328,False,True
2019-11-22,3610,-28.0,-59.0,31.0,88.2,2019-11-28,2019-11-29,-0.09207672393117683,0.02296968227786078,False,False
2019-11-29,3591,-19.0,-35.6,16.6,-14.399999999999999,2019-12-05,2019-12-05,0.011603991165419103,-0.041646386241487976,False,False
2019-12-06,3518,-73.0,-84.0,11.0,-5.600000000000001,2019-12-12,2019-12-12,0.03719529022050483,-0.02390901365473408,False,False
2019-12-13,3411,-107.0,-125.8,18.799999999999997,7.799999999999997,2019-12-19,2019-12-19,-0.005703025503605241,-0.051918682408996775,False,False
2019-12-20,3250,-161.0,-95.8,-65.2,-84.0,2019-12-26,2019-12-26,0.05464860917080516,-0.07417494617951759,False,True
2019-12-27,3192,-58.0,-71.8,13.799999999999997,79.0,2020-01-02,2020-01-02,-0.031085738570226895,0.02052306720032826,False,False
2020-01-03,3148,-44.0,-169.0,125.0,111.2,2020-01-09,2020-01-09,0.01160907275252332,-0.04195759944512334,False,False
2020-01-10,3039,-109.0,-182.0,73.0,-52.0,2020-01-16,2020-01-16,-0.02049153664265091,-0.0927616223059885,False,False
2020-01-17,2947,-92.0,-193.0,101.0,28.0,2020-01-23,2020-01-23,0.010963319320604792,-0.051675945557720926,False,True
2020-01-24,2746,-201.0,-132.8,-68.19999999999999,-169.2,2020-01-30,2020-01-30,-0.025905376563039373,0.017881805385691507,True,False
2020-01-31,2609,-137.0,-155.0,18.0,86.19999999999999,2020-02-06,2020-02-06,0.0005372263082427109,-0.01952340411512199,False,False
2020-02-07,2494,-115.0,-123.2,8.200000000000003,-9.799999999999997,2020-02-13,2020-02-13,-0.009809346714415357,0.042354224966546616,False,False
2020-02-14,2343,-151.0,-132.6,-18.400000000000006,-26.60000000000001,2020-02-20,2020-02-20,-0.018065051700963175,-0.09156718587078427,False,True
2020-02-21,2200,-143.0,-114.8,-28.200000000000003,-9.799999999999997,2020-02-27,2020-02-27,-0.03862781193041542,0.011350849070751567,True,False
2020-02-28,2091,-109.0,-110.2,1.2000000000000028,29.400000000000006,2020-03-05,2020-03-05,-0.030566462513706316,0.03820005412421623,False,False
2020-03-06,2043,-48.0,-123.2,75.2,74.0,2020-03-12,2020-03-12,-0.01989851094584294,-0.10711225788764667,False,False
2020-03-13,2034,-9.0,-46.0,37.0,-38.2,2020-03-19,2020-03-19,0.030696130922403864,-0.01033134629074084,False,False
2020-03-20,2005,-29.0,-44.6,15.600000000000001,-21.4,2020-03-26,2020-03-26,-0.013349757943367568,-0.05332082557763573,False,True
2020-03-27,1986,-19.0,-18.4,-0.6000000000000014,-16.200000000000003,2020-04-02,2020-04-02,-0.022300998100240277,0.11030958259006729,False,False
2020-04-03,2024,38.0,7.0,31.0,31.6,2020-04-09,2020-04-09,-0.028443300755862655,0.01147458406145263,False,False
2020-04-10,2097,73.0,25.2,47.8,16.799999999999997,2020-04-16,2020-04-16,0.0536059749802999,0.07372664588564815,False,False
2020-04-17,2140,43.0,44.8,-1.7999999999999972,-49.599999999999994,2020-04-23,2020-04-23,-0.06608688242749783,0.07123092177150114,False,True
2020-04-24,2210,70.0,83.0,-13.0,-11.200000000000003,2020-04-30,2020-04-30,0.041912914992714656,-0.028625398053512607,False,False
2020-05-01,2319,109.0,76.6,32.400000000000006,45.400000000000006,2020-05-07,2020-05-07,-0.02605668602046074,-0.11930217193870085,False,False
2020-05-08,2422,103.0,85.0,18.0,-14.400000000000006,2020-05-14,2020-05-14,0.03943485610506692,0.01710454180021448,False,False
2020-05-15,2503,81.0,84.8,-3.799999999999997,-21.799999999999997,2020-05-21,2020-05-21,-0.03505098159430653,0.07815154720356599,False,True
2020-05-22,2612,109.0,93.6,15.400000000000006,19.200000000000003,2020-05-28,2020-05-28,0.05918888173462933,-0.0027404759080481567,True,False
2020-05-29,2714,102.0,101.2,0.7999999999999972,-14.600000000000009,2020-06-04,2020-06-04,0.0005490237459943037,-0.00495190170962112,False,False
2020-06-05,2807,93.0,96.0,-3.0,-3.799999999999997,2020-06-11,2020-06-11,0.01836956355312158,-0.1015069193664499,False,False
2020-06-12,2892,85.0,89.2,-4.200000000000003,-1.2000000000000028,2020-06-18,2020-06-18,0.0,-0.10008347004814211,False,False
2020-06-19,3012,120.0,72.0,48.0,52.2,2020-06-25,2020-06-25,-0.07473434865501322,0.15703833728949296,False,True
2020-06-26,3077,65.0,64.6,0.4000000000000057,-47.599999999999994,2020-07-02,2020-07-02,0.037008607762713974,0.04012970306666219,False,False
2020-07-03,3133,56.0,64.0,-8.0,-8.400000000000006,2020-07-09,2020-07-09,-0.024980458831920016,-0.03198444701546188,False,False
2020-07-10,3178,45.0,65.4,-20.400000000000006,-12.400000000000006,2020-07-16,2020-07-16,-0.03142214915498309,0.03535141020450028,False,False
2020-07-17,3215,37.0,36.0,1.0,21.400000000000006,2020-07-23,2020-07-23,0.06002954550958084,0.024350970790949056,False,True
2020-07-24,3241,26.0,36.2,-10.200000000000003,-11.200000000000003,2020-07-30,2020-07-30,-0.013576084903372587,0.1686509765115496,True,False
2020-07-31,3274,33.0,30.8,2.1999999999999993,12.400000000000002,2020-08-06,2020-08-06,-0.011937709814421438,0.007821507737000855,False,False
2020-08-07,3332,58.0,41.2,16.799999999999997,14.599999999999998,2020-08-13,2020-08-13,0.013844232316242544,0.07502417765382785,False,False
2020-08-14,3375,43.0,47.0,-4.0,-20.799999999999997,2020-08-20,2020-08-20,-0.0309778300415251,0.09213569619463646,False,False
2020-08-21,3420,45.0,50.0,-5.0,-1.0,2020-08-27,2020-08-27,0.04683396796168948,-0.036324565200366865,True,True
2020-08-28,3455,35.0,64.8,-29.799999999999997,-24.799999999999997,2020-09-03,2020-09-03,0.0004021425796326694,-0.09173793088486226,False,False
2020-09-04,3525,70.0,64.0,6.0,35.8,2020-09-10,2020-09-10,-0.03510614145434887,-0.12892968725237408,False,False
2020-09-11,3614,89.0,79.4,9.599999999999994,3.5999999999999943,2020-09-17,2020-09-17,-0.10452760702677932,0.0961111436264871,False,False
2020-09-18,3680,66.0,80.4,-14.400000000000006,-24.0,2020-09-24,2020-09-24,0.05626908808029352,0.11699191832490186,False,True
2020-09-25,3756,76.0,82.6,-6.599999999999994,7.800000000000011,2020-10-01,2020-10-01,0.0,0.03880973749856165,False,False
2020-10-02,3831,75.0,81.4,-6.400000000000006,0.19999999999998863,2020-10-08,2020-10-08,0.008026088070869242,0.054808235284902196,False,False
2020-10-09,3877,46.0,89.6,-43.599999999999994,-37.19999999999999,2020-10-15,2020-10-15,0.05138819603858458,0.0802921122925071,False,False
2020-10-16,3926,49.0,70.8,-21.799999999999997,21.799999999999997,2020-10-22,2020-10-22,-0.005306822570720016,0.09328259483768786,False,True
2020-10-23,3955,29.0,67.4,-38.400000000000006,-16.60000000000001,2020-10-29,2020-10-29,0.09694740585120498,-0.11513589633857135,True,False
2020-10-30,3919,-36.0,54.8,-90.8,-52.39999999999999,2020-11-05,2020-11-05,-0.03473966336866985,0.011490548327858008,False,False
2020-11-06,3927,8.0,33.0,-25.0,65.8,2020-11-12,2020-11-12,-0.01831242403928779,-0.13815035925105357,False,False
2020-11-13,3958,31.0,-40.2,71.2,96.2,2020-11-19,2020-11-19,-0.04525654925990108,0.092430028425035,False,False
2020-11-20,3940,-18.0,-25.2,7.199999999999999,-64.0,2020-11-26,2020-11-27,-0.01847063305145369,-0.09901025722485524,True,False
2020-11-27,3939,-1.0,-43.6,42.6,35.400000000000006,2020-12-03,2020-12-03,-0.10336411040788707,0.01818232079672466,False,False
2020-12-04,3848,-91.0,-53.2,-37.8,-80.4,2020-12-10,2020-12-10,0.04445178804018368,0.03199345772652096,False,False
2020-12-11,3726,-122.0,-99.6,-22.400000000000006,15.399999999999991,2020-12-17,2020-12-17,-0.0154341961116361,-0.04579769459594829,False,False
2020-12-18,3574,-152.0,-126.4,-25.599999999999994,-3.1999999999999886,2020-12-24,2020-12-24,-0.0351187684921519,0.02471206453878083,False,True
2020-12-25,3460,-114.0,-97.0,-17.0,8.599999999999994,2020-12-31,2020-12-31,0.04717669946395997,0.06148147442640994,False,False
2021-01-01,3330,-130.0,-100.6,-29.400000000000006,-12.400000000000006,2021-01-07,2021-01-07,0.0047750360827584215,-0.02335609501297997,False,False
2021-01-08,3196,-134.0,-173.6,39.599999999999994,69.0,2021-01-14,2021-01-14,-0.02262292290271095,-0.08612510244762628,False,False
2021-01-15,3009,-187.0,-171.8,-15.199999999999989,-54.79999999999998,2021-01-21,2021-01-21,-0.01908610523243237,0.06714455455355695,False,True
2021-01-22,2881,-128.0,-198.4,70.4,85.6,2021-01-28,2021-01-28,-0.03540191070808352,0.09687866821852886,True,False
2021-01-29,2689,-192.0,-142.4,-49.599999999999994,-120.0,2021-02-04,2021-02-04,0.05102431282892317,-0.023092500406070693,False,False
2021-02-05,2518,-171.0,-106.8,-64.2,-14.600000000000009,2021-02-11,2021-02-11,-0.014881735971942422,0.0677368441239734,False,False
2021-02-12,2281,-237.0,-159.8,-77.19999999999999,-12.999999999999986,2021-02-18,2021-02-18,-0.04349204125294226,-0.10420755200084963,False,True
2021-02-19,1943,-338.0,-127.8,-210.2,-133.0,2021-02-25,2021-02-25,-0.027350360666508866,-0.011225864367125693,True,False
2021-02-26,1845,-98.0,-75.4,-22.599999999999994,187.6,2021-03-04,2021-03-04,-0.02517210677743864,-0.028816204480460628,False,False
2021-03-05,1793,-52.0,-86.0,34.0,56.599999999999994,2021-03-11,2021-03-11,-0.008955257571049646,-0.07266743843553047,False,False
2021-03-12,1782,-11.0,-40.6,29.6,-4.399999999999999,2021-03-18,2021-03-18,-0.01876683912468735,0.03524418974780086,False,False
2021-03-19,1750,-32.0,-57.2,25.200000000000003,-4.399999999999999,2021-03-25,2021-03-25,0.020440982001056485,0.026494161461485866,False,True
2021-03-26,1764,14.0,-25.4,39.4,14.199999999999996,2021-04-01,2021-04-01,0.011816374970390453,-0.04376300140371081,False,False
2021-04-02,1784,20.0,9.6,10.4,-29.0,2021-04-08,2021-04-08,0.0007933730833211694,0.05252169038289256,False,False
2021-04-09,1845,61.0,30.6,30.4,20.0,2021-04-15,2021-04-15,0.015163278276164815,0.03366327812808412,False,False
2021-04-16,1883,38.0,32.0,6.0,-24.4,2021-04-22,2021-04-22,0.020952856358443683,0.05725943380124798,False,True
2021-04-23,1898,15.0,64.4,-49.400000000000006,-55.400000000000006,2021-04-29,2021-04-29,-0.004797795031660668,0.005822917629194846,True,False
2021-04-30,1958,60.0,78.2,-18.200000000000003,31.200000000000003,2021-05-06,2021-05-06,-0.0034094784376630383,0.015251973717210765,False,False
2021-05-07,2029,71.0,79.8,-8.799999999999997,9.400000000000006,2021-05-13,2021-05-13,0.0013463308664922735,-0.016277096314744943,False,False
2021-05-14,2100,71.0,85.6,-14.599999999999994,-5.799999999999997,2021-05-20,2021-05-20,-0.013245238547611393,0.011218881207416764,False,False
2021-05-21,2215,115.0,92.0,23.0,37.599999999999994,2021-05-27,2021-05-27,-0.00875132588614047,0.04592051783389861,True,True
2021-05-28,2313,98.0,96.0,2.0,-21.0,2021-06-03,2021-06-03,-0.011118544448391221,0.03489854739100573,False,False
2021-06-04,2411,98.0,91.6,6.400000000000006,4.400000000000006,2021-06-10,2021-06-10,0.00637147147967565,0.03249273423290733,False,False
2021-06-11,2427,16.0,88.6,-72.6,-79.0,2021-06-17,2021-06-17,0.0006150349135816136,0.04947792573022114,False,False
2021-06-18,2482,55.0,87.2,-32.2,40.39999999999999,2021-06-24,2021-06-24,0.025182796941113805,0.0686807581139135,False,True
2021-06-25,2558,76.0,60.6,15.399999999999999,47.6,2021-07-01,2021-07-01,0.0030091440625736876,0.003544655756816839,False,False
2021-07-02,2574,16.0,63.2,-47.2,-62.6,2021-07-08,2021-07-08,0.0252621914580049,-0.02026908100398317,False,False
2021-07-09,2629,55.0,56.0,-1.0,46.2,2021-07-15,2021-07-15,-0.012647956000280569,0.10222881082773605,False,False
2021-07-16,2678,49.0,35.8,13.200000000000003,14.200000000000003,2021-07-22,2021-07-22,0.011052529624774321,0.013892615924270935,False,True
2021-07-23,2714,36.0,29.8,6.199999999999999,-7.0000000000000036,2021-07-29,2021-07-29,0.0037023036691612443,0.019759113971357545,True,False
2021-07-30,2727,13.0,26.8,-13.8,-20.0,2021-08-05,2021-08-05,-0.004338432013583526,-0.05129323982952316,False,False
2021-08-06,2776,49.0,42.8,6.200000000000003,20.000000000000004,2021-08-12,2021-08-12,-0.03153412585816562,-0.02653773248537905,False,False
2021-08-13,2822,46.0,42.0,4.0,-2.200000000000003,2021-08-19,2021-08-19,-0.005727710168256905,0.08840294713709551,False,False
2021-08-20,2851,29.0,41.6,-12.600000000000001,-16.6,2021-08-26,2021-08-26,0.07106068496481832,0.10366208546386013,False,True
2021-08-27,2871,20.0,53.8,-33.8,-21.199999999999996,2021-09-02,2021-09-02,0.005617997513803097,0.06203061599305726,False,False
2021-09-03,2923,52.0,62.4,-10.399999999999999,23.4,2021-09-09,2021-09-09,0.023530517720150357,0.058670093098276865,False,False
2021-09-10,3006,83.0,79.0,4.0,14.399999999999999,2021-09-16,2021-09-16,-0.023159904839399115,-0.06966257019840771,False,False
2021-09-17,3082,76.0,80.6,-4.599999999999994,-8.599999999999994,2021-09-23,2021-09-23,0.0349693150089494,0.1647171257933706,False,True
2021-09-24,3170,88.0,68.2,19.799999999999997,24.39999999999999,2021-09-30,2021-09-30,0.06878589851479511,-0.032920515246934734,False,False
2021-10-01,3288,118.0,78.6,39.400000000000006,19.60000000000001,2021-10-07,2021-10-07,0.00035233527493439,0.001759900521520752,False,False
2021-10-08,3369,81.0,81.2,-0.20000000000000284,-39.60000000000001,2021-10-14,2021-10-14,0.017203518309999444,-0.10600547811718153,False,False
2021-10-15,3461,92.0,68.8,23.200000000000003,23.400000000000006,2021-10-21,2021-10-21,-0.010695348620980205,0.12257230015356435,False,True
2021-10-22,3548,87.0,62.8,24.200000000000003,1.0,2021-10-28,2021-10-28,-0.07012218862607322,-0.011480380727542316,True,False
2021-10-29,3611,63.0,33.0,30.0,5.799999999999997,2021-11-04,2021-11-04,0.00808014288704606,-0.1044667204205072,False,False
2021-11-05,3618,7.0,29.0,-22.0,-52.0,2021-11-11,2021-11-11,0.05365731034585841,-0.04915927867249703,False,False
2021-11-12,3644,26.0,-2.4,28.4,50.4,2021-11-18,2021-11-18,0.017699570151258115,0.10542172831442231,False,False
2021-11-19,3623,-21.0,-45.6,24.6,-3.799999999999997,2021-11-25,2021-11-26,0.0721187724584682,-0.27630345943212253,True,True
2021-11-26,3564,-59.0,-32.4,-26.6,-51.2,2021-12-02,2021-12-02,-0.04860221862245173,-0.061518844986804044,False,False
2021-12-03,3505,-59.0,-53.4,-5.600000000000001,21.0,2021-12-09,2021-12-09,-0.0002622010622133075,-0.012665039828144264,False,False
2021-12-10,3417,-88.0,-104.4,16.400000000000006,22.000000000000007,2021-12-16,2021-12-16,-0.009513817261440627,-0.009337158919912714,False,False
2021-12-17,3362,-55.0,-169.0,114.0,97.6,2021-12-23,2021-12-23,-0.06360002661883946,-0.00026804115570033815,False,True
2021-12-24,3226,-136.0,-113.8,-22.200000000000003,-136.2,2021-12-30,2021-12-30,-0.12223503968276539,0.06811256047260428,True,False
2021-12-31,3195,-31.0,-89.8,58.8,81.0,2022-01-06,2022-01-06,-0.018196481586837843,0.11345982747499694,False,False
2022-01-07,3016,-179.0,-168.8,-10.199999999999989,-68.99999999999999,2022-01-13,2022-01-13,-0.1288071146716685,-0.06556947478465025,False,False
2022-01-14,2810,-206.0,-157.2,-48.80000000000001,-38.60000000000002,2022-01-20,2022-01-20,-0.058487262096961645,0.4994513109305605,False,False
2022-01-21,2591,-219.0,-179.8,-39.19999999999999,9.600000000000023,2022-01-27,2022-01-27,0.3817267493869263,-0.2481953428263166,True,True
2022-01-28,2323,-268.0,-137.6,-130.4,-91.20000000000002,2022-02-03,2022-02-03,-0.11814665650711453,-0.21079172814359315,False,False
2022-02-04,2101,-222.0,-158.8,-63.19999999999999,67.20000000000002,2022-02-10,2022-02-10,-0.012550293822870318,0.12496995363674968,False,False
2022-02-11,1911,-190.0,-154.8,-35.19999999999999,28.0,2022-02-17,2022-02-17,-0.050211556215836506,-0.003573088015228043,False,False
2022-02-18,1782,-129.0,-174.2,45.19999999999999,80.39999999999998,2022-02-24,2022-02-24,-0.011968439082152615,0.033157027234849146,True,True
2022-02-25,1643,-139.0,-88.8,-50.2,-95.39999999999999,2022-03-03,2022-03-03,-0.008435301173498555,-0.019459627955067615,False,False
2022-03-04,1519,-124.0,-74.8,-49.2,1.0,2022-03-10,2022-03-10,0.02293428429126343,0.07466302733566921,False,False
2022-03-11,1440,-79.0,-73.2,-5.799999999999997,43.400000000000006,2022-03-17,2022-03-17,0.049712356617468645,0.07914826195319913,False,False
2022-03-18,1389,-51.0,-68.8,17.799999999999997,23.599999999999994,2022-03-24,2022-03-24,0.0317905357542152,0.04365452188978214,False,True
2022-03-25,1415,26.0,-29.4,55.4,37.6,2022-03-31,2022-03-31,0.006579587811239351,0.11963251694099863,False,False
2022-04-01,1382,-33.0,10.8,-43.8,-99.19999999999999,2022-04-07,2022-04-07,0.053290037440994587,0.13800320960310586,False,False
2022-04-08,1397,15.0,30.0,-15.0,28.799999999999997,2022-04-14,2022-04-14,0.042392857442796306,-0.11085507336380607,False,False
2022-04-15,1450,53.0,38.2,14.799999999999997,29.799999999999997,2022-04-21,2022-04-21,0.0028789398805011412,-0.009967546351768775,False,True
2022-04-22,1490,40.0,46.6,-6.600000000000001,-21.4,2022-04-28,2022-04-28,-0.05356281014419695,0.24303726527944258,True,False
2022-04-29,1567,77.0,84.2,-7.200000000000003,-0.6000000000000014,2022-05-05,2022-05-05,0.04280221095676762,-0.12654557398766775,False,False
2022-05-06,1643,76.0,78.6,-2.5999999999999943,4.6000000000000085,2022-05-12,2022-05-12,0.012874874375936152,0.07094639910093603,False,False
2022-05-13,1732,89.0,86.4,2.5999999999999943,5.199999999999989,2022-05-19,2022-05-19,-0.007196051789911451,0.0697308893590618,False,False
2022-05-20,1819,87.0,98.0,-11.0,-13.599999999999994,2022-05-26,2022-05-26,-0.007047372571808985,-0.04418138474825861,False,True
2022-05-27,1901,82.0,98.2,-16.200000000000003,-5.200000000000003,2022-06-02,2022-06-02,-0.02456330300052434,0.054805167348538575,False,False
2022-06-03,2003,102.0,101.6,0.4000000000000057,16.60000000000001,2022-06-09,2022-06-09,0.02989690782600052,-0.1830135318736792,False,False
2022-06-10,2095,92.0,75.4,16.599999999999994,16.19999999999999,2022-06-16,2022-06-16,0.005912426237239643,-0.18232162067889024,False,False
2022-06-17,2169,74.0,89.2,-15.200000000000003,-31.799999999999997,2022-06-23,2022-06-23,-0.09459593705610847,-0.1399863768068006,False,True
2022-06-24,2251,82.0,70.2,11.799999999999997,27.0,2022-06-30,2022-06-30,-0.18066094830176582,0.10657661620734693,False,False
2022-07-01,2311,60.0,60.2,-0.20000000000000284,-12.0,2022-07-07,2022-07-07,0.13350865389810251,0.04699631598049092,False,False
2022-07-08,2369,58.0,58.0,0.0,0.20000000000000284,2022-07-14,2022-07-14,-0.013394770943501388,0.18383559627363155,False,False
2022-07-15,2401,32.0,44.0,-12.0,-12.0,2022-07-21,2022-07-21,-0.009410924422733835,0.02514755505547317,False,True
2022-07-22,2416,15.0,27.8,-12.8,-0.8000000000000007,2022-07-28,2022-07-28,-0.06577490098306171,-0.001476388585642141,True,False
2022-07-29,2457,41.0,32.6,8.399999999999999,21.2,2022-08-04,2022-08-04,-0.01757429384271214,0.08854921006389649,False,False
2022-08-05,2501,44.0,48.0,-4.0,-12.399999999999999,2022-08-11,2022-08-11,0.07874762134849345,0.03477264754357989,False,False
2022-08-12,2519,18.0,44.8,-26.799999999999997,-22.799999999999997,2022-08-18,2022-08-18,-0.006076484522506753,0.02014831692276653,False,False
2022-08-19,2579,60.0,45.0,15.0,41.8,2022-08-25,2022-08-25,0.004811565174493548,-0.012126554736875406,False,True
2022-08-26,2640,61.0,42.8,18.200000000000003,3.200000000000003,2022-09-01,2022-09-01,0.014682979467240287,-0.14697862385815474,False,False
2022-09-02,2694,54.0,66.8,-12.799999999999997,-31.0,2022-09-08,2022-09-08,0.0092657836703669,0.050383263096024145,False,False
2022-09-09,2771,77.0,82.0,-5.0,7.799999999999997,2022-09-15,2022-09-15,-0.09066877639077076,-0.16059863298775445,False,False
2022-09-16,2874,103.0,81.8,21.200000000000003,26.200000000000003,2022-09-22,2022-09-22,-0.09288345159338629,-0.030798129650053463,False,True
2022-09-23,2977,103.0,74.0,29.0,7.799999999999997,2022-09-29,2022-09-29,0.0008732414929379928,0.014155956194813024,True,False
2022-09-30,3106,129.0,89.0,40.0,11.0,2022-10-06,2022-10-06,0.006042356735374899,-0.03369383726395969,False,False
2022-10-07,3231,125.0,80.4,44.599999999999994,4.599999999999994,2022-10-13,2022-10-13,0.046456475746443404,-0.22961757380212022,False,False
2022-10-14,3342,111.0,75.2,35.8,-8.799999999999997,2022-10-20,2022-10-20,-0.019224269395781146,-0.03262807199345752,False,False
2022-10-21,3394,52.0,65.2,-13.200000000000003,-49.0,2022-10-27,2022-10-27,-0.0778747811091729,0.1416214197496104,True,True
2022-10-28,3501,107.0,45.8,61.2,74.4,2022-11-03,2022-11-03,-0.04787326272103676,0.043235806203616445,False,False
2022-11-04,3580,79.0,25.8,53.2,-8.0,2022-11-10,2022-11-10,0.0618174449797122,0.0206225767406909,False,False
2022-11-11,3644,64.0,16.2,47.8,-5.400000000000006,2022-11-17,2022-11-17,0.026893203513447483,0.09789041542817745,False,False
2022-11-18,3564,-80.0,-62.6,-17.4,-65.19999999999999,2022-11-24,2022-11-25,-0.039636770292529766,-0.11180365489252941,False,True
2022-11-25,3483,-81.0,-36.0,-45.0,-27.6,2022-12-01,2022-12-01,-0.0280966559019189,-0.12235715518863621,False,False
2022-12-02,3462,-21.0,-46.0,25.0,70.0,2022-12-08,2022-12-08,0.04091282524830797,0.1562092173303089,False,False
2022-12-09,3412,-50.0,-85.8,35.8,10.799999999999997,2022-12-15,2022-12-15,0.08064068311822425,-0.33237728774062125,False,False
2022-12-16,3325,-87.0,-127.4,40.400000000000006,4.6000000000000085,2022-12-22,2022-12-22,-0.06448845389107216,-0.11073157651452203,False,True
2022-12-23,3112,-213.0,-114.2,-98.8,-139.2,2022-12-29,2022-12-29,-0.032372290175661345,-0.20607141767671755,True,False
2022-12-30,2891,-221.0,-89.0,-132.0,-33.2,2023-01-05,2023-01-05,-0.11467184470412328,-0.006743139642714002,False,False
2023-01-06,2902,11.0,-161.4,172.4,304.4,2023-01-12,2023-01-12,0.0065164307794221,-0.15198790641696913,False,False
2023-01-13,2820,-82.0,-153.2,71.19999999999999,-101.20000000000002,2023-01-19,2023-01-19,-0.01093239319372774,-0.10654869539678202,False,False
2023-01-20,2734,-86.0,-178.0,92.0,20.80000000000001,2023-01-26,2023-01-26,-0.0409306537147347,-0.1812351560247999,False,True
2023-01-27,2583,-151.0,-186.6,35.599999999999994,-56.400000000000006,2023-02-02,2023-02-02,-0.004874032981403764,-0.010642761960903191,False,False
2023-02-03,2366,-217.0,-177.2,-39.80000000000001,-75.4,2023-02-09,2023-02-09,0.01409064278201122,-0.017016442029295975,False,False
2023-02-10,2266,-100.0,-162.8,62.80000000000001,102.60000000000002,2023-02-16,2023-02-16,-0.033748066457663706,0.025621251634219022,False,False
2023-02-17,2195,-71.0,-183.8,112.80000000000001,50.0,2023-02-23,2023-02-23,0.06240878168388697,0.17806309112593144,False,True
2023-02-24,2114,-81.0,-124.8,43.8,-69.00000000000001,2023-03-02,2023-03-02,-0.01649965768629591,-0.0836961932246909,False,False
2023-03-03,2030,-84.0,-86.0,2.0,-41.8,2023-03-09,2023-03-09,-0.003141005826611809,-0.011469393799683036,False,False
2023-03-10,1972,-58.0,-78.4,20.400000000000006,18.400000000000006,2023-03-16,2023-03-16,0.03028701123135158,-0.15454848678945,False,False
2023-03-17,1900,-72.0,-49.0,-23.0,-43.400000000000006,2023-03-23,2023-03-23,-0.007861293552769544,-0.023486260711381046,False,True
2023-03-24,1853,-47.0,-15.6,-31.4,-8.399999999999999,2023-03-30,2023-03-30,0.05520328504649563,-0.04520826838229064,True,False
2023-03-31,1830,-23.0,3.8,-26.8,4.599999999999998,2023-04-06,2023-04-06,-0.0691586402726736,0.049949856237806345,False,False
2023-04-07,1855,25.0,31.0,-6.0,20.8,2023-04-13,2023-04-13,-0.04195735787106769,0.11384465059586912,False,False
2023-04-14,1930,75.0,38.0,37.0,43.0,2023-04-20,2023-04-20,0.012078066349019756,0.046055030363025495,False,True
2023-04-21,2009,79.0,39.8,39.2,2.200000000000003,2023-04-27,2023-04-27,0.10654069476254291,-0.11412728011499185,True,False
2023-04-28,2063,54.0,86.2,-32.2,-71.4,2023-05-04,2023-05-04,-0.03231374725833358,0.04148811450393841,False,False
2023-05-05,2141,78.0,84.8,-6.799999999999997,25.400000000000006,2023-05-11,2023-05-11,-0.0004564836925533555,0.16852821147699493,False,False
2023-05-12,2240,99.0,90.6,8.400000000000006,15.200000000000003,2023-05-18,2023-05-18,0.09165175545712168,-0.11648183613924801,False,False
2023-05-19,2336,96.0,100.4,-4.400000000000006,-12.800000000000011,2023-05-25,2023-05-25,-0.03868711210649445,-0.0602995748360442,False,True
2023-05-26,2446,110.0,98.4,11.599999999999994,16.0,2023-06-01,2023-06-01,-0.04883431361459578,0.0860841659248911,False,False
2023-06-02,2550,104.0,100.8,3.200000000000003,-8.399999999999991,2023-06-08,2023-06-08,0.009827039961141315,0.0741383387821054,False,False
2023-06-09,2634,84.0,78.2,5.799999999999997,2.5999999999999943,2023-06-15,2023-06-15,0.0783990995743723,0.07453090726675105,False,False
2023-06-16,2729,95.0,91.8,3.200000000000003,-2.5999999999999943,2023-06-22,2023-06-22,0.004226771543074825,0.03503840620768983,False,True
2023-06-23,2805,76.0,77.4,-1.4000000000000057,-4.6000000000000085,2023-06-29,2023-06-29,0.03695746819517587,-0.04505776655750959,True,False
2023-06-30,2881,76.0,59.8,16.200000000000003,17.60000000000001,2023-07-06,2023-07-06,-0.018230697458361145,-0.024836313746025684,False,False
2023-07-07,2930,49.0,58.0,-9.0,-25.200000000000003,2023-07-13,2023-07-13,-0.033613321887785985,0.08001244099207427,False,False
2023-07-14,2971,41.0,45.0,-4.0,5.0,2023-07-20,2023-07-20,0.05747852353736205,-0.10105747871633897,False,False
2023-07-21,2987,16.0,27.4,-11.399999999999999,-7.399999999999999,2023-07-27,2023-07-27,-0.0671184010475514,0.028872858674708235,True,True
2023-07-28,3001,14.0,37.0,-23.0,-11.600000000000001,2023-08-03,2023-08-03,0.03491035119370467,0.07435854915228379,False,False
2023-08-04,3030,29.0,50.8,-21.799999999999997,1.2000000000000028,2023-08-10,2023-08-10,-0.06853436072123809,-0.052761106093534904,False,False
2023-08-11,3065,35.0,37.8,-2.799999999999997,19.0,2023-08-17,2023-08-17,0.011126162556185148,-0.039693925418003984,False,False
2023-08-18,3083,18.0,48.4,-30.4,-27.6,2023-08-24,2023-08-24,0.008772015676429379,0.09426297852858245,False,True
2023-08-25,3115,32.0,49.0,-17.0,13.399999999999999,2023-08-31,2023-08-31,-0.010064828635673706,-0.06069231457302515,False,False
2023-09-01,3148,33.0,64.6,-31.599999999999994,-14.599999999999994,2023-09-07,2023-09-07,0.027118976075876322,0.04880860920414254,False,False
2023-09-08,3205,57.0,79.2,-22.200000000000003,9.399999999999991,2023-09-14,2023-09-14,0.010393515192043346,-0.03686015348278138,False,False
2023-09-15,3269,64.0,83.0,-19.0,3.200000000000003,2023-09-21,2023-09-21,-0.04604974046030741,0.12075861329413862,False,True
2023-09-22,3359,90.0,83.0,7.0,26.0,2023-09-28,2023-09-28,0.06342991061232994,0.07236013208129832,True,False
2023-09-29,3445,86.0,106.4,-20.400000000000006,-27.400000000000006,2023-10-05,2023-10-05,0.06660424673186993,0.05469879893569374,False,False
2023-10-06,3529,84.0,88.0,-4.0,16.400000000000006,2023-10-12,2023-10-12,-0.009820043626344921,-0.12299247877696673,False,False
2023-10-13,3626,97.0,87.4,9.599999999999994,13.599999999999994,2023-10-19,2023-10-19,-0.03293162275628214,0.08334101648557546,False,False
2023-10-20,3700,74.0,62.6,11.399999999999999,1.8000000000000043,2023-10-26,2023-10-26,0.06557618756873906,0.07721450012648745,False,True
2023-10-27,3779,79.0,54.2,24.799999999999997,13.399999999999999,2023-11-02,2023-11-02,-0.006316436414570692,-0.13254439097066828,False,False
2023-11-03,3773,-6.0,38.6,-44.6,-69.4,2023-11-09,2023-11-09,-0.02114933521512019,0.00688193675378157,False,False
2023-11-10,3833,60.0,32.6,27.4,72.0,2023-11-16,2023-11-16,-0.04095262566343005,-0.04270162414930301,False,False
2023-11-17,3826,-7.0,-69.4,62.400000000000006,35.00000000000001,2023-11-23,2023-11-23,0.012690940457141808,-0.04603322066961946,False,True
2023-11-24,3836,10.0,-45.6,55.6,-6.800000000000004,2023-11-30,2023-11-30,-0.0007134695488366649,-0.08060794153440676,False,False
2023-12-01,3719,-117.0,-50.6,-66.4,-122.0,2023-12-07,2023-12-07,0.006208802362351551,-0.0775957033741741,False,False
2023-12-08,3664,-55.0,-82.0,27.0,93.4,2023-12-14,2023-12-14,0.02411791188537382,0.07255399741425184,False,False
2023-12-15,3577,-87.0,-108.4,21.400000000000006,-5.599999999999994,2023-12-21,2023-12-21,0.04982102138448763,-0.02280873086756896,False,True
2023-12-22,3490,-87.0,-134.4,47.400000000000006,26.0,2023-12-28,2023-12-28,-0.023957883777725897,0.12345932136959614,True,False
2023-12-29,3476,-14.0,-92.0,78.0,30.599999999999994,2024-01-04,2024-01-04,0.05576234555906601,0.09334239624465135,False,False
2024-01-05,3336,-140.0,-87.4,-52.599999999999994,-130.6,2024-01-11,2024-01-11,0.018905338191126164,-0.20657184485136137,False,False
2024-01-12,3182,-154.0,-133.0,-21.0,31.599999999999994,2024-01-18,2024-01-18,-0.06217193583809488,-0.04784508719754066,False,False
2024-01-19,2856,-326.0,-137.6,-188.4,-167.4,2024-01-25,2024-01-25,-0.026862678731504608,-0.22645519697104177,False,True
2024-01-26,2659,-197.0,-197.0,0.0,188.4,2024-02-01,2024-02-01,-0.024097529426346243,-0.06707827697246427,False,False
2024-02-02,2584,-75.0,-196.8,121.80000000000001,121.80000000000001,2024-02-08,2024-02-08,-0.02574805036811456,-0.19270395338966467,False,False
2024-02-09,2530,-54.0,-144.0,90.0,-31.80000000000001,2024-02-15,2024-02-15,-0.017555308330184594,0.013819362061331886,False,False
2024-02-16,2470,-60.0,-173.2,113.19999999999999,23.19999999999999,2024-02-22,2024-02-22,-0.023396221881944124,0.0712996891301303,False,True
2024-02-23,2374,-96.0,-125.4,29.400000000000006,-83.79999999999998,2024-02-29,2024-02-29,-0.013351320424662139,-0.022839522217398156,False,False
2024-03-01,2334,-40.0,-112.8,72.8,43.39999999999999,2024-03-07,2024-03-07,-0.05926477110710504,-0.0432772800939234,False,False
2024-03-08,2325,-9.0,-87.4,78.4,5.6000000000000085,2024-03-14,2024-03-14,0.04884764099317174,-0.033881796595537805,False,False
2024-03-15,2332,7.0,-38.0,45.0,-33.400000000000006,2024-03-21,2024-03-21,-0.009461946741937677,0.04643901339782097,False,True
2024-03-22,2296,-36.0,-23.6,-12.399999999999999,-57.4,2024-03-28,2024-03-28,0.025856054703815023,0.012401486625112423,True,False
2024-03-29,2259,-37.0,-7.6,-29.4,-17.0,2024-04-04,2024-04-04,-0.0370719697079519,-0.005652920741047285,False,False
2024-04-05,2283,24.0,24.6,-0.6000000000000014,28.799999999999997,2024-04-11,2024-04-11,-0.06634382527756133,-0.00397619872731203,False,False
2024-04-12,2333,50.0,70.8,-20.799999999999997,-20.199999999999996,2024-04-18,2024-04-18,0.025945506874584523,-0.07013179941831788,False,False
2024-04-19,2425,92.0,58.4,33.6,54.4,2024-04-25,2024-04-25,-0.00911582469057809,0.2170198686542973,False,True
2024-04-26,2484,59.0,67.8,-8.799999999999997,-42.4,2024-05-02,2024-05-02,0.05194010405580307,0.12284800137456764,False,False
2024-05-03,2569,85.0,81.6,3.4000000000000057,12.200000000000003,2024-05-09,2024-05-09,0.05081310418126417,0.0809448208890099,False,False
2024-05-10,2640,71.0,93.6,-22.599999999999994,-26.0,2024-05-16,2024-05-16,0.03217544905180847,0.06290900784946951,False,False
2024-05-17,2719,79.0,87.0,-8.0,14.599999999999994,2024-05-23,2024-05-23,-0.0673103411745779,-0.02669882926874978,False,True
2024-05-24,2804,85.0,106.0,-21.0,-13.0,2024-05-30,2024-05-30,0.03119699997479175,0.0924076504208392,True,False
2024-05-31,2900,96.0,105.0,-9.0,12.0,2024-06-06,2024-06-06,0.0229483462058242,0.04775994362606695,False,False
2024-06-07,2974,74.0,93.8,-19.799999999999997,-10.799999999999997,2024-06-13,2024-06-13,-0.02864951541291738,-0.08974952671076686,False,False
2024-06-14,3045,71.0,77.0,-6.0,13.799999999999997,2024-06-20,2024-06-20,-0.05948655761754562,-0.020642087707642198,False,True
2024-06-21,3102,57.0,86.2,-29.200000000000003,-23.200000000000003,2024-06-27,2024-06-27,0.02145759804373093,-0.14654464590881267,True,False
2024-06-28,3134,32.0,73.2,-41.2,-12.0,2024-07-04,2024-07-05,-0.04180468435243112,0.004302928523434613,False,False
2024-07-05,3199,65.0,52.0,13.0,54.2,2024-07-11,2024-07-11,-0.026540653016763338,-0.0651265338711483,False,False
2024-07-12,3209,10.0,47.0,-37.0,-50.0,2024-07-18,2024-07-18,0.043275941304580234,-0.04033197275064371,False,False
2024-07-19,3231,22.0,30.6,-8.600000000000001,28.4,2024-07-25,2024-07-25,-0.03656021117924657,-0.03642200337401058,False,True
2024-07-26,3249,18.0,36.4,-18.4,-9.799999999999997,2024-08-01,2024-08-01,-0.0339692789942323,0.0776947539062336,False,False
2024-08-02,3270,21.0,34.8,-13.799999999999997,4.600000000000001,2024-08-08,2024-08-08,0.007077219732548601,0.03238022539876062,False,False
2024-08-09,3264,-6.0,41.8,-47.8,-34.0,2024-08-15,2024-08-15,-0.009963883950057095,-0.06779068052668491,False,False
2024-08-16,3299,35.0,45.2,-10.200000000000003,37.599999999999994,2024-08-22,2024-08-22,-0.05864567824964517,0.04010089057854216,False,True
2024-08-23,3334,35.0,45.4,-10.399999999999999,-0.19999999999999574,2024-08-29,2024-08-29,0.1018830398690308,0.06257707871408591,True,False
2024-08-30,3347,13.0,45.2,-32.2,-21.800000000000004,2024-09-05,2024-09-05,0.04956684928210653,0.0446832789283822,False,False
2024-09-06,3387,40.0,66.8,-26.799999999999997,5.400000000000006,2024-09-12,2024-09-12,0.03760984860750638,-0.003825748611995361,False,False
2024-09-13,3445,58.0,84.6,-26.599999999999994,0.20000000000000284,2024-09-19,2024-09-19,0.02763566636647874,0.09616159963103632,False,False
2024-09-20,3493,48.0,87.4,-39.400000000000006,-12.800000000000011,2024-09-26,2024-09-26,-0.01991641647901643,0.13883643973024018,True,True
2024-09-27,3548,55.0,98.2,-43.2,-3.799999999999997,2024-10-03,2024-10-03,0.0286905305145726,-0.10461259992540028,False,False
2024-10-04,3630,82.0,100.0,-18.0,25.200000000000003,2024-10-10,2024-10-10,0.0056232074614982475,-0.13081149522658198,False,False
2024-10-11,3706,76.0,87.8,-11.799999999999997,6.200000000000003,2024-10-17,2024-10-17,-0.008485506749803307,0.07191439974210967,False,False
2024-10-18,3785,79.0,70.8,8.200000000000003,20.0,2024-10-24,2024-10-24,0.07404699860464303,0.07078874993574291,False,True
2024-10-25,3864,79.0,78.2,0.7999999999999972,-7.400000000000006,2024-10-31,2024-10-31,-0.04972206066106144,-0.005185174105363011,False,False
2024-11-01,3931,67.0,26.8,40.2,39.400000000000006,2024-11-07,2024-11-07,-0.01985355660722099,0.033592061329976386,False,False
2024-11-08,3972,41.0,28.4,12.600000000000001,-27.6,2024-11-14,2024-11-14,-0.06868161476197554,0.1814234527647176,False,False
2024-11-15,3969,-3.0,-24.8,21.8,9.2,2024-11-21,2024-11-21,0.04471041873875903,0.007162050840345824,False,True
2024-11-22,3967,-2.0,-27.6,25.6,3.8000000000000007,2024-11-28,2024-11-29,0.048433379787720776,-0.08920336422079767,False,False
2024-11-29,3937,-30.0,-43.4,13.399999999999999,-12.200000000000003,2024-12-05,2024-12-05,0.011761002429777845,0.11521756743402611,False,False
2024-12-06,3747,-190.0,-65.6,-124.4,-137.8,2024-12-12,2024-12-12,0.02253861054081807,0.03665709084192548,False,False
2024-12-13,3622,-125.0,-98.2,-26.799999999999997,97.60000000000001,2024-12-19,2024-12-19,0.060380520373900515,-0.019724553583608806,False,False
2024-12-20,3529,-93.0,-133.6,40.599999999999994,67.39999999999999,2024-12-26,2024-12-26,-0.0603237776693728,-0.10222496436830486,False,True
2024-12-27,3413,-116.0,-108.6,-7.400000000000006,-48.0,2025-01-02,2025-01-02,0.007404445975569329,0.01113987584005205,False,False
2025-01-03,3373,-40.0,-66.8,26.799999999999997,34.2,2025-01-09,2025-01-09,0.013601937761817062,0.14019649557793779,False,False
2025-01-10,3115,-258.0,-131.6,-126.4,-153.2,2025-01-16,2025-01-16,0.041967485099018154,-0.05577787272759749,False,False
2025-01-17,2892,-223.0,-179.4,-43.599999999999994,82.80000000000001,2025-01-23,2025-01-23,-0.003795097523603408,-0.2582914599074211,False,True
2025-01-24,2571,-321.0,-179.2,-141.8,-98.20000000000002,2025-01-30,2025-01-30,-0.14855584616034845,0.11196812925995836,True,False
2025-01-31,2397,-174.0,-177.8,3.8000000000000114,145.60000000000002,2025-02-06,2025-02-06,0.014184663974765144,0.06255593130752368,False,False
2025-02-07,2297,-100.0,-132.4,32.400000000000006,28.599999999999994,2025-02-13,2025-02-13,0.01751746811904198,0.15446568332900767,False,False
2025-02-14,2101,-196.0,-141.8,-54.19999999999999,-86.6,2025-02-20,2025-02-20,-0.030362924694657067,-0.053933410074126664,False,True
2025-02-21,1840,-261.0,-157.4,-103.6,-49.400000000000006,2025-02-27,2025-02-27,0.007142917271638849,0.08942331764069289,True,False
2025-02-28,1760,-80.0,-94.0,14.0,117.6,2025-03-06,2025-03-06,-0.033824011830124956,-0.04541371872372402,False,False
2025-03-07,1698,-62.0,-58.2,-3.799999999999997,-17.799999999999997,2025-03-13,2025-03-13,0.006589395372399887,-0.033641598648043836,False,False
2025-03-14,1707,9.0,-32.8,41.8,45.599999999999994,2025-03-20,2025-03-20,-0.06618817841460656,-0.006309133129630773,False,False
2025-03-21,1744,37.0,-39.0,76.0,34.2,2025-03-27,2025-03-27,0.022789357894636986,0.046496991104103325,True,True
2025-03-28,1773,29.0,-7.8,36.8,-39.2,2025-04-03,2025-04-03,0.020261936854847118,-0.15129511110782512,False,False
2025-04-04,1830,57.0,14.8,42.2,5.400000000000006,2025-04-10,2025-04-10,-0.07028527860627021,-0.09180215609192954,False,False
2025-04-11,1846,16.0,54.8,-38.8,-81.0,2025-04-17,2025-04-17,-0.0006161717698969227,-0.09972665033372952,False,False
2025-04-18,1934,88.0,61.0,27.0,65.8,2025-04-24,2025-04-24,-0.03091644265256588,0.1717424766726201,False,True
2025-04-25,2041,107.0,47.6,59.4,32.4,2025-05-01,2025-05-01,0.044974549169948475,0.031964230078325606,False,False
2025-05-02,2145,104.0,81.8,22.200000000000003,-37.199999999999996,2025-05-08,2025-05-08,-0.00804109244170692,-0.0661731209814791,False,False
2025-05-09,2255,110.0,84.0,26.0,3.799999999999997,2025-05-15,2025-05-15,-0.03793863588996693,-0.03295837764156784,False,False
2025-05-16,2375,120.0,83.2,36.8,10.799999999999997,2025-05-22,2025-05-22,-0.03474145150021646,0.057926641340527496,False,True
2025-05-23,2476,101.0,101.2,-0.20000000000000284,-37.0,2025-05-29,2025-05-29,0.09462900317906153,0.043068183573944374,True,False
2025-05-30,2598,122.0,96.4,25.599999999999994,25.799999999999997,2025-06-05,2025-06-05,-0.010550627740839369,-0.05162254729607696,False,False
2025-06-06,2707,109.0,90.2,18.799999999999997,-6.799999999999997,2025-06-12,2025-06-12,-0.004286294983699701,0.09681892605382458,False,False
2025-06-13,2802,95.0,71.8,23.200000000000003,4.400000000000006,2025-06-19,2025-06-20,-0.03624699995754699,-0.028475375596010988,False,True
2025-06-20,2898,96.0,76.4,19.599999999999994,-3.6000000000000085,2025-06-26,2025-06-26,-0.04350468090405579,0.04438509799998669,True,True
2025-06-27,2953,55.0,66.2,-11.200000000000003,-30.799999999999997,2025-07-03,2025-07-03,-0.022909512329538417,-0.02134680189561533,False,False
2025-07-04,3006,53.0,49.2,3.799999999999997,15.0,2025-07-10,2025-07-10,0.03755590459981839,0.059619387216002684,False,False
2025-07-11,3052,46.0,41.8,4.200000000000003,0.4000000000000057,2025-07-17,2025-07-17,-0.0025377322860191676,-0.13522677015337115,False,False
2025-07-18,3075,23.0,31.2,-8.2,-12.400000000000002,2025-07-24,2025-07-24,0.005509720097228943,0.0038709227084894327,False,True
2025-07-25,3123,48.0,21.8,26.2,34.4,2025-07-31,2025-07-31,0.01983478131476657,-0.012635851007115395,False,False
2025-08-01,3130,7.0,27.4,-20.4,-46.599999999999994,2025-08-07,2025-08-07,-0.0032552082013970196,-0.07654372545560384,False,False
2025-08-08,3186,56.0,36.0,20.0,40.4,2025-08-14,2025-08-14,0.004586358754812947,-0.00529385558112816,False,False
2025-08-15,3199,13.0,32.0,-19.0,-39.0,2025-08-21,2025-08-21,0.026534321456379573,0.0409069273219973,False,True
2025-08-22,3217,18.0,40.2,-22.200000000000003,-3.200000000000003,2025-08-28,2025-08-28,0.026502979984079245,0.034716466928437884,True,False
2025-08-29,3262,45.0,32.4,12.600000000000001,34.800000000000004,2025-09-04,2025-09-04,0.003258390251098753,-0.046612921725314393,False,False
2025-09-05,3333,71.0,54.6,16.4,3.799999999999997,2025-09-11,2025-09-11,-0.03186586160663607,0.001702665523521274,False,False
2025-09-12,3423,90.0,74.2,15.799999999999997,-0.6000000000000014,2025-09-18,2025-09-18,-0.05333273028242336,-0.011980238376028352,False,False
2025-09-19,3499,76.0,76.6,-0.5999999999999943,-16.39999999999999,2025-09-25,2025-09-25,0.015967018546477307,0.16996356022996317,False,True
2025-09-26,3551,52.0,81.6,-29.599999999999994,-29.0,2025-10-02,2025-10-02,-0.009829555406839274,-0.05156852821981728,False,False
2025-10-03,3631,80.0,97.6,-17.599999999999994,12.0,2025-10-09,2025-10-09,-0.019388638650903012,-0.1067550786622149,False,False
2025-10-10,3712,81.0,85.0,-4.0,13.599999999999994,2025-10-16,2025-10-16,-0.026202395479788088,0.12943866003566962,False,False
2025-10-17,3798,86.0,81.0,5.0,9.0,2025-10-23,2025-10-23,-0.03120651941207364,0.16806571096851708,False,True
2025-10-24,3872,74.0,65.2,8.799999999999997,3.799999999999997,2025-10-30,2025-10-30,0.15854188115633971,0.09655028182163727,True,False
2025-10-31,3905,33.0,39.0,-6.0,-14.799999999999997,2025-11-06,2025-11-06,0.029109053432703202,0.06422289639979017,False,False
2025-11-07,3950,45.0,39.0,6.0,12.0,2025-11-13,2025-11-13,0.024622644366872226,-0.03772375669038919,False,False
2025-11-14,3936,-14.0,22.2,-36.2,-42.2,2025-11-20,2025-11-20,-0.016844416930491546,0.08069582733388692,False,True
2025-11-21,3924,-12.0,-22.2,10.2,46.400000000000006,2025-11-27,2025-11-28,0.062094735213271024,0.08665051328909934,False,False
2025-11-28,3913,-11.0,-57.6,46.6,36.400000000000006,2025-12-04,2025-12-04,0.013521843730989191,-0.17952087380497228,False,False
2025-12-05,3735,-178.0,-83.2,-94.8,-141.4,2025-12-11,2025-12-11,-0.08253035103206918,-0.07941262688715289,False,False
2025-12-12,3569,-166.0,-94.4,-71.6,23.200000000000003,2025-12-18,2025-12-18,-0.0292507422805528,0.11082156609096194,False,False
2025-12-19,3401,-168.0,-94.8,-73.2,-1.6000000000000085,2025-12-25,2025-12-26,0.028812417896506126,-0.21453439841874822,False,True
2025-12-26,3364,-37.0,-118.6,81.6,154.8,2026-01-01,2026-01-02,-0.01862049333467941,-0.13250534298747563,False,False
2026-01-02,3244,-120.0,-112.4,-7.599999999999994,-89.19999999999999,2026-01-08,2026-01-08,-0.03404830560569505,-0.08543832832263454,False,False
2026-01-09,3174,-70.0,-142.8,72.80000000000001,80.4,2026-01-15,2026-01-15,0.0025608642488839095,0.5225848680507712,False,False
2026-01-16,3054,-120.0,-204.8,84.80000000000001,12.0,2026-01-22,2026-01-22,0.03427756447844654,-0.2528163537872603,False,True
2026-01-23,2813,-241.0,-190.2,-50.80000000000001,-135.60000000000002,2026-01-29,2026-01-29,-0.6439741041882081,-0.11025020060247104,True,False
2026-01-30,2454,-359.0,-172.0,-187.0,-136.2,2026-02-05,2026-02-05,0.012618506667420926,-0.0868818639100497,False,False
2026-02-06,2202,-252.0,-152.8,-99.19999999999999,87.80000000000001,2026-02-12,2026-02-12,0.01819375416738933,-0.054291773160037415,False,False
2026-02-13,2059,-143.0,-156.6,13.599999999999994,112.79999999999998,2026-02-19,2026-02-19,-0.004994139416778731,-0.0580620385417665,False,True
2026-02-20,2007,-52.0,-179.0,127.0,113.4,2026-02-26,2026-02-26,-0.04900918552768441,0.06039575168555533,True,False
2026-02-27,1876,-131.0,-87.6,-43.400000000000006,-170.4,2026-03-05,2026-03-05,0.029056086139906068,0.0737987151446895,False,False
2026-03-06,1838,-38.0,-66.2,28.200000000000003,71.60000000000001,2026-03-12,2026-03-12,0.00745111453105185,-0.020941584615639997,False,False
2026-03-13,1872,34.0,-26.4,60.4,32.199999999999996,2026-03-19,2026-03-19,0.03242133845970163,-0.054190002582190644,False,False
2026-03-20,1818,-54.0,-30.8,-23.2,-83.6,2026-03-26,2026-03-26,0.01579605014861274,-0.06865952378341755,False,True
2026-03-27,1851,33.0,-3.0,36.0,59.2,2026-04-02,2026-04-02,-0.006762814010530027,-0.05581476135619989,False,False
2026-04-03,1900,49.0,9.0,40.0,4.0,2026-04-09,2026-04-09,-0.020022878898179886,-0.008651549639477674,False,False
2026-04-10,1960,60.0,33.4,26.6,-13.399999999999999,2026-04-16,2026-04-16,0.014076770205760702,-0.012545304769495669,False,False
2026-04-17,2063,103.0,69.2,33.8,7.199999999999996,2026-04-23,2026-04-23,-0.040485214907908795,0.056882039751371516,False,True
2026-04-24,2142,79.0,60.0,19.0,-14.799999999999997,2026-04-30,2026-04-30,0.04433673498187585,0.0007225771467784803,False,False
2026-05-01,2205,63.0,76.0,-13.0,-32.0,2026-05-07,2026-05-07,0.01418464729235236,0.04415338318740658,False,False
2026-05-08,2290,85.0,81.2,3.799999999999997,16.799999999999997,2026-05-14,2026-05-14,0.010420368927985146,0.041954676394938994,False,False
2026-05-15,2391,101.0,91.6,9.400000000000006,5.6000000000000085,2026-05-21,2026-05-21,0.004649606299583109,0.08629323012426471,False,True
2026-05-22,2483,92.0,96.8,-4.799999999999997,-14.200000000000003,2026-05-28,2026-05-28,0.0775091751948529,0.015405796140413708,True,False
2026-05-29,2578,95.0,101.6,-6.599999999999994,-1.7999999999999972,2026-06-04,2026-06-04,0.03725621104388055,-0.0775727632854577,False,False
2026-06-05,2686,108.0,97.4,10.599999999999994,17.19999999999999,2026-06-11,2026-06-11,-0.03125256013892619,0.04621080021291468,False,False
2026-06-12,2759,73.0,71.6,1.4000000000000057,-9.199999999999989,2026-06-18,2026-06-18,0.027596627044805366,-0.0006188408193208428,False,False
2026-06-19,2835,76.0,75.4,0.5999999999999943,-0.8000000000000114,2026-06-25,2026-06-25,0.03717673130988919,-0.04496852910202698,False,True
2026-06-26,2922,87.0,64.2,22.799999999999997,22.200000000000003,2026-07-02,2026-07-02,-0.007481309504246525,-0.08349045812390332,False,False
2026-07-03,2983,61.0,54.0,7.0,-15.799999999999997,2026-07-09,2026-07-09,-0.06428942502997459,-0.05248224427815784,False,False
2026-07-10,3024,41.0,43.6,-2.6000000000000014,-9.600000000000001,2026-07-16,2026-07-16,-0.022830456845052582,0.020090682686266126,False,False
2026-07-17,3056,32.0,33.4,-1.3999999999999986,1.2000000000000028,2026-07-23,2026-07-23,-0.003081688172944963,-0.05570703418239242,False,True
2026-07-24,3084,28.0,26.6,1.3999999999999986,2.799999999999997,2026-07-30,2026-07-30,0.012037348908373158,-0.04372678513170336,True,False
2026-07-31,3117,33.0,19.2,13.8,12.400000000000002,2026-08-06,2026-08-06,-0.018018452284246145,0.03242314626936671,False,False
2026-08-07,3153,36.0,34.4,1.6000000000000014,-12.2,2026-08-13,2026-08-13,-0.02784483063666454,0.0021978184377176024,False,False
2026-08-14,3169,16.0,29.4,-13.399999999999999,-15.0,2026-08-20,2026-08-20,-0.029206998455464817,0.06172172228317141,False,False
2026-08-21,3184,15.0,32.0,-17.0,-3.6000000000000014,2026-08-27,2026-08-27,0.02261361152548469,0.002061870759576978,True,True
2026-08-28,3214,30.0,34.2,-4.200000000000003,12.799999999999997,2026-09-03,2026-09-03,-0.01465351876805343,-0.028553476849099146,False,False
2026-09-04,3254,40.0,50.0,-10.0,-5.799999999999997,2026-09-10,2026-09-10,0.004243317410833836,0.023366332725171857,False,False
