date,level,reason,midland_low_f,houston_low_f,max_gulf_gust_mph
2026-09-26,none,,72.4,70.7,17.2
2026-09-27,none,,70.2,73.1,17.7
2026-09-28,none,,68.7,74.0,20.8
2026-09-29,none,,72.3,78.9,24.4
2026-09-30,none,,67.8,81.1,28.2
2026-10-01,none,,66.1,79.3,25.9
2026-10-02,none,,65.1,75.9,23.5
2026-10-03,none,,66.0,75.1,18.8
2026-10-04,none,,62.1,79.6,24.2
2026-10-05,none,,54.6,67.2,28.4
2026-10-06,none,,57.2,64.5,22.6
2026-10-07,none,,57.1,66.6,28.6
2026-10-08,none,,58.5,69.9,28.2
2026-10-09,none,,58.6,69.8,26.2
2026-10-10,none,,59.5,70.5,21.5
2026-10-11,none,,60.9,67.9,23.7
