storage_measure,price_move,weeks,pct_move_per_10bcf,t_stat,p_value,r2,sample
vs_normal_bcf,move_report_day,533,0.003,0.0773,0.9384,0.0,all weeks
gap_change_bcf,move_report_day,532,-0.0533,-1.9573,0.0503,0.0061,all weeks
gap_change_bcf,move_next_week,411,0.0675,0.7287,0.4662,0.0019,all weeks
vs_normal_bcf,move_report_day,489,-0.0008,-0.0195,0.9844,0.0,model weeks
gap_change_bcf,move_report_day,489,-0.0483,-1.7276,0.0841,0.0051,model weeks
model_surprise_bcf,move_report_day,489,-0.2719,-2.9172,0.0035,0.0191,model weeks
model_surprise_bcf,move_next_week,378,-0.2536,-1.0671,0.2859,0.0031,model weeks
gap_change_bcf,move_report_day,274,-0.1033,-2.926,0.0034,0.03,2016-2021
model_surprise_bcf,move_report_day,274,-0.3778,-3.7076,0.0002,0.0553,2016-2021
gap_change_bcf,move_report_day,215,0.0083,0.1921,0.8476,0.0001,2022 onward
model_surprise_bcf,move_report_day,215,-0.1083,-0.6282,0.5298,0.002,2022 onward
